-- phpMyAdmin SQL Dump
-- version 5.0.2
-- https://www.phpmyadmin.net/
--
-- Host: 127.0.0.1
-- Generation Time: Apr 02, 2022 at 06:04 PM
-- Server version: 10.4.14-MariaDB
-- PHP Version: 7.4.10

SET SQL_MODE = "NO_AUTO_VALUE_ON_ZERO";
START TRANSACTION;
SET time_zone = "+00:00";


/*!40101 SET @OLD_CHARACTER_SET_CLIENT=@@CHARACTER_SET_CLIENT */;
/*!40101 SET @OLD_CHARACTER_SET_RESULTS=@@CHARACTER_SET_RESULTS */;
/*!40101 SET @OLD_COLLATION_CONNECTION=@@COLLATION_CONNECTION */;
/*!40101 SET NAMES utf8mb4 */;

--
-- Database: `clinicmsdbv3`
--

-- --------------------------------------------------------

--
-- Table structure for table `allergy_medication_history`
--

CREATE TABLE `allergy_medication_history` (
  `allergy_medication_history_id` bigint(20) NOT NULL,
  `medical_history_id` bigint(20) DEFAULT NULL,
  `patient_id` bigint(20) DEFAULT NULL,
  `name` text DEFAULT NULL,
  `reaction` text DEFAULT NULL,
  `is_deleted` int(11) DEFAULT 0,
  `created_at` timestamp NULL DEFAULT current_timestamp(),
  `updated_at` timestamp NULL DEFAULT current_timestamp() ON UPDATE current_timestamp()
) ENGINE=InnoDB DEFAULT CHARSET=utf8mb4;

--
-- Dumping data for table `allergy_medication_history`
--

INSERT INTO `allergy_medication_history` (`allergy_medication_history_id`, `medical_history_id`, `patient_id`, `name`, `reaction`, `is_deleted`, `created_at`, `updated_at`) VALUES
(1, 1, 2, 'test', NULL, 0, '2022-01-09 02:51:16', '2022-01-09 02:51:16'),
(2, 1, 2, 'test', NULL, 0, '2022-01-09 02:51:16', '2022-01-09 02:51:16'),
(3, 2, 4, 'test', 'test', 0, '2022-01-09 02:55:50', '2022-01-09 02:55:50'),
(4, 3, 1, 'test', 'test', 0, '2022-02-25 08:56:09', '2022-02-25 08:56:09'),
(5, 13, 370, '', '', 0, '2022-03-07 13:39:04', '2022-03-07 13:39:04'),
(6, 14, 372, '', '', 0, '2022-03-07 13:41:52', '2022-03-07 13:41:52'),
(7, 15, 333, '', '', 0, '2022-03-08 10:20:33', '2022-03-08 10:20:33'),
(8, 16, 336, '', '', 0, '2022-03-08 10:23:24', '2022-03-08 10:23:24'),
(9, 17, 351, '', '', 0, '2022-03-08 10:25:51', '2022-03-08 10:25:51'),
(10, 18, 379, '', '', 0, '2022-03-08 10:28:02', '2022-03-08 10:28:02'),
(11, 19, 381, '', '', 0, '2022-03-08 10:30:06', '2022-03-08 10:30:06'),
(12, 20, 385, '', '', 0, '2022-03-08 10:32:24', '2022-03-08 10:32:24'),
(13, 21, 387, '', '', 0, '2022-03-08 10:35:28', '2022-03-08 10:35:28'),
(14, 22, 389, '', '', 0, '2022-03-08 10:37:39', '2022-03-08 10:37:39'),
(15, 23, 391, '', '', 0, '2022-03-08 10:39:24', '2022-03-08 10:39:24'),
(16, 24, 402, '', '', 0, '2022-03-08 10:50:09', '2022-03-08 10:50:09'),
(17, 25, 393, '', '', 0, '2022-03-08 10:56:13', '2022-03-08 10:56:13'),
(18, 26, 395, '', '', 0, '2022-03-08 11:02:43', '2022-03-08 11:02:43'),
(19, 27, 397, '', '', 0, '2022-03-08 11:05:18', '2022-03-08 11:05:18'),
(20, 28, 399, '', '', 0, '2022-03-08 11:06:57', '2022-03-08 11:06:57'),
(21, 29, 401, '', '', 0, '2022-03-08 11:08:43', '2022-03-08 11:08:43'),
(22, 30, 403, '', '', 0, '2022-03-09 04:02:41', '2022-03-09 04:02:41'),
(23, 31, 341, '', '', 0, '2022-03-10 03:05:49', '2022-03-10 03:05:49'),
(24, 32, 438, '', '', 0, '2022-03-10 15:04:12', '2022-03-10 15:04:12');

-- --------------------------------------------------------

--
-- Table structure for table `announcements`
--

CREATE TABLE `announcements` (
  `announcement_id` bigint(20) NOT NULL,
  `title` varchar(200) DEFAULT NULL,
  `description` text DEFAULT NULL,
  `date` date DEFAULT NULL,
  `is_deleted` int(11) DEFAULT 0,
  `created_at` timestamp NULL DEFAULT current_timestamp(),
  `updated_at` timestamp NULL DEFAULT current_timestamp() ON UPDATE current_timestamp()
) ENGINE=InnoDB DEFAULT CHARSET=utf8mb4;

--
-- Dumping data for table `announcements`
--

INSERT INTO `announcements` (`announcement_id`, `title`, `description`, `date`, `is_deleted`, `created_at`, `updated_at`) VALUES
(1, 'Blood Donation', 'Try', '2022-03-06', 0, '2022-03-06 15:35:32', '2022-03-06 15:35:32');

-- --------------------------------------------------------

--
-- Table structure for table `care_equipments`
--

CREATE TABLE `care_equipments` (
  `care_equipment_id` bigint(20) NOT NULL,
  `name` varchar(100) DEFAULT NULL,
  `unit_id` bigint(20) DEFAULT NULL,
  `quantity` int(11) DEFAULT NULL,
  `reorder` int(11) DEFAULT NULL,
  `capacity` int(11) DEFAULT NULL,
  `is_deleted` int(11) DEFAULT 0,
  `created_at` timestamp NULL DEFAULT current_timestamp(),
  `updated_at` timestamp NULL DEFAULT current_timestamp() ON UPDATE current_timestamp()
) ENGINE=InnoDB DEFAULT CHARSET=utf8mb4;

--
-- Dumping data for table `care_equipments`
--

INSERT INTO `care_equipments` (`care_equipment_id`, `name`, `unit_id`, `quantity`, `reorder`, `capacity`, `is_deleted`, `created_at`, `updated_at`) VALUES
(1, 'Elastic Bandage', 5, NULL, 10, 1000, 0, '2022-01-01 13:52:20', '2022-01-08 06:23:44'),
(2, 'Gauze Pad', 5, NULL, NULL, NULL, 0, '2022-01-01 13:52:33', '2022-01-01 13:52:33'),
(3, 'Lysol Disinfectant Spray', 4, NULL, NULL, NULL, 0, '2022-01-01 13:52:50', '2022-01-01 13:52:50'),
(4, 'Alcohol', 4, NULL, NULL, NULL, 0, '2022-01-01 13:53:06', '2022-01-01 13:53:06'),
(5, 'Gloves', 1, NULL, NULL, NULL, 0, '2022-01-01 13:53:13', '2022-01-01 13:53:13');

-- --------------------------------------------------------

--
-- Table structure for table `category`
--

CREATE TABLE `category` (
  `category_id` bigint(20) NOT NULL,
  `name` varchar(100) DEFAULT NULL,
  `is_deleted` int(11) DEFAULT 0,
  `created_at` timestamp NULL DEFAULT current_timestamp(),
  `updated_at` timestamp NULL DEFAULT current_timestamp() ON UPDATE current_timestamp()
) ENGINE=InnoDB DEFAULT CHARSET=utf8mb4;

--
-- Dumping data for table `category`
--

INSERT INTO `category` (`category_id`, `name`, `is_deleted`, `created_at`, `updated_at`) VALUES
(1, 'test2', 1, '2022-01-08 05:54:50', '2022-01-08 05:55:04'),
(2, 'test', 0, '2022-01-08 05:55:00', '2022-01-08 05:55:00');

-- --------------------------------------------------------

--
-- Table structure for table `check_ups`
--

CREATE TABLE `check_ups` (
  `check_up_id` bigint(20) NOT NULL,
  `clinic_appointment_id` bigint(20) DEFAULT NULL,
  `service_id` bigint(20) DEFAULT NULL,
  `patient_id` bigint(20) DEFAULT NULL,
  `temperature` varchar(45) DEFAULT NULL,
  `pulse_rate` varchar(45) DEFAULT NULL,
  `respiratory_rate` varchar(45) DEFAULT NULL,
  `blood_pressure` varchar(45) DEFAULT NULL,
  `random_blood_sugar` varchar(45) DEFAULT NULL,
  `others` text DEFAULT NULL,
  `recommendation` text DEFAULT NULL,
  `is_deleted` int(11) DEFAULT 0,
  `created_at` timestamp NULL DEFAULT current_timestamp(),
  `updated_at` timestamp NULL DEFAULT current_timestamp() ON UPDATE current_timestamp()
) ENGINE=InnoDB DEFAULT CHARSET=utf8mb4;

--
-- Dumping data for table `check_ups`
--

INSERT INTO `check_ups` (`check_up_id`, `clinic_appointment_id`, `service_id`, `patient_id`, `temperature`, `pulse_rate`, `respiratory_rate`, `blood_pressure`, `random_blood_sugar`, `others`, `recommendation`, `is_deleted`, `created_at`, `updated_at`) VALUES
(1, 5, 1, 2, '38.59', 'test', 'test', 'test', 'test', 'test', 'test', 0, '2021-12-09 02:38:30', '2022-02-25 16:37:17'),
(2, 5, 1, 2, '38.59', 'test', 'test', 'test', 'test', 'test', 'test', 0, '2022-01-09 02:39:01', '2022-01-09 02:39:01'),
(3, 5, 1, 2, '38.59', 'test', 'test', 'test', 'test', 'test', 'test', 0, '2022-01-09 02:39:28', '2022-01-09 02:39:28'),
(4, 5, 1, 2, '38.59', 'test', 'test', 'test', 'test', 'test', 'test', 0, '2022-01-09 02:39:57', '2022-01-09 02:39:57'),
(5, 5, 1, 2, '38.59', 'test', 'test', 'test', 'test', 'test', 'test', 0, '2022-01-09 02:41:23', '2022-01-09 02:41:23'),
(6, 5, 1, 2, '38.59', 'test', 'test', 'test', 'test', 'test', 'test', 0, '2022-01-09 02:41:45', '2022-01-09 02:41:45'),
(7, 5, 1, 2, '38.59', 'test', 'test', 'test', 'test', 'test', 'test', 0, '2022-01-09 02:43:06', '2022-01-09 02:43:06'),
(8, 5, 1, 2, '45.00', 'test', 'test', 'test', 'test', 'test', 'test', 0, '2022-01-09 02:51:15', '2022-01-09 02:51:15'),
(9, 4, 1, 4, '50.00', 'test', 'test', 'test', 'test', 'test', 'test', 0, '2022-01-09 02:55:49', '2022-01-09 02:55:49'),
(11, 9, 1, 1, '38.95', '--', '--', '--', '--', '--', 'test', 0, '2022-02-25 08:56:09', '2022-02-25 08:56:09'),
(14, 9, 3, 1, '99.99', '--', '--', '--', '--', '--', '**', 0, '2022-02-25 10:54:07', '2022-02-25 10:54:07'),
(15, 11, 3, 2, '56.59', '--', '--', '--', '--', '--', 'test', 0, '2022-02-25 10:54:37', '2022-02-25 10:54:37'),
(16, 14, 1, 6, '38.05', '78', '66', '120/80', '76', '', 'take your medicine every 6 hours after meal.', 0, '2022-03-07 02:57:16', '2022-03-07 02:57:16'),
(17, 15, 3, 5, '', '', '', '', '', '', 'take your medicine once a day.', 0, '2022-03-07 03:04:59', '2022-03-07 03:04:59'),
(18, 16, 3, 327, '', '', '', '', '', '', 'N/A', 0, '2022-03-07 06:22:00', '2022-03-07 06:22:00'),
(19, 17, 3, 328, '', '', '', '', '', '', 'N/A', 0, '2022-03-07 06:44:27', '2022-03-07 06:44:27'),
(20, 19, 1, 330, '36.04', '78', '66', '120/80', '76', '', 'N/A', 0, '2022-03-07 08:23:27', '2022-03-07 08:23:27'),
(21, 23, 1, 332, '36.05', '78', '66', '120/80', '76', '', 'N/A', 0, '2022-03-07 08:24:41', '2022-03-07 08:24:41'),
(22, 30, 1, 339, '36.06', '78', '66', '120/80', '76', '', 'N/A', 0, '2022-03-07 08:26:51', '2022-03-07 08:26:51'),
(23, 41, 1, 350, '37.40', '78', '66', '120/80', '76', '', 'N/A', 0, '2022-03-07 08:27:41', '2022-03-07 08:27:41'),
(24, 45, 1, 354, '35.08', '78', '66', '120/80', '76', '', 'N/A', 0, '2022-03-07 08:28:36', '2022-03-07 08:28:36'),
(25, 18, 3, 329, '', '', '', '', '', '', 'N/A', 0, '2022-03-07 08:30:00', '2022-03-07 08:30:00'),
(26, 19, 3, 330, '', '', '', '', '', '', 'N/A', 0, '2022-03-07 08:30:38', '2022-03-07 08:30:38'),
(27, 21, 3, 331, '', '', '', '', '', '', 'N/A', 0, '2022-03-07 08:31:17', '2022-03-07 08:31:17'),
(28, 23, 3, 332, '', '', '', '', '', '', 'N/A', 0, '2022-03-07 08:32:03', '2022-03-07 08:32:03'),
(29, 25, 3, 334, '', '', '', '', '', '', 'N/A', 0, '2022-03-07 08:32:31', '2022-03-07 08:32:31'),
(30, 30, 3, 339, '', '', '', '', '', '', 'N/A', 0, '2022-03-07 08:33:14', '2022-03-07 08:33:14'),
(31, 31, 3, 340, '', '', '', '', '', '', 'N/A', 0, '2022-03-07 08:33:50', '2022-03-07 08:33:50'),
(32, 33, 3, 342, '', '', '', '', '', '', 'N/A', 0, '2022-03-07 08:34:20', '2022-03-07 08:34:20'),
(33, 38, 3, 347, '', '', '', '', '', '', 'N/A', 0, '2022-03-07 08:34:53', '2022-03-07 08:34:53'),
(34, 40, 3, 349, '', '', '', '', '', '', 'N/A', 0, '2022-03-07 08:35:26', '2022-03-07 08:35:26'),
(35, 41, 3, 350, '', '', '', '', '', '', 'N/A', 0, '2022-03-07 08:36:05', '2022-03-07 08:36:05'),
(36, 45, 3, 354, '', '', '', '', '', '', 'N/A', 0, '2022-03-07 08:37:06', '2022-03-07 08:37:06'),
(37, 48, 3, 357, '', '', '', '', '', '', 'N/A', 0, '2022-03-07 08:37:49', '2022-03-07 08:37:49'),
(38, 50, 3, 359, '', '', '', '', '', '', 'N/A', 0, '2022-03-07 08:38:21', '2022-03-07 08:38:21'),
(39, 53, 3, 362, '', '', '', '', '', '', 'N/A', 0, '2022-03-07 08:38:53', '2022-03-07 08:38:53'),
(40, 55, 1, 363, '38.07', '78', '66', '150/100', '76', '', 'N/A', 0, '2022-03-07 13:09:44', '2022-03-07 13:09:44'),
(41, 56, 1, 364, '32.04', '78', '', '', '76', '', 'N/A', 0, '2022-03-07 13:24:01', '2022-03-07 13:24:01'),
(42, 61, 1, 369, '36.00', '78', '66', '120/80', '76', '', 'N/A', 0, '2022-03-07 13:37:32', '2022-03-07 13:37:32'),
(43, 62, 1, 370, '36.04', '78', '66', '120/80', '76', '', 'N/A', 0, '2022-03-07 13:39:03', '2022-03-07 13:39:03'),
(44, 62, 1, 370, '35.00', '78', '66', '120/80', '', '', 'N/A', 0, '2022-03-07 13:40:27', '2022-03-07 13:40:27'),
(45, 64, 1, 372, '36.00', '78', '', '120/80', '76', '', 'N/A', 0, '2022-03-07 13:41:51', '2022-03-07 13:41:51'),
(46, 55, 3, 363, '', '', '', '', '', '', 'N/A', 0, '2022-03-07 13:44:25', '2022-03-07 13:44:25'),
(47, 56, 3, 364, '', '', '', '', '', '', 'N/A', 0, '2022-03-07 13:45:02', '2022-03-07 13:45:02'),
(48, 57, 3, 365, '', '', '', '', '', '', 'N/A', 0, '2022-03-07 13:45:31', '2022-03-07 13:45:31'),
(49, 58, 3, 366, '', '', '', '', '', '', 'N/A', 0, '2022-03-07 13:46:20', '2022-03-07 13:46:20'),
(50, 59, 3, 367, '', '', '', '', '', '', 'N/A', 0, '2022-03-07 13:47:51', '2022-03-07 13:47:51'),
(51, 60, 3, 368, '', '', '', '', '', '', 'N/A', 0, '2022-03-07 13:48:30', '2022-03-07 13:48:30'),
(52, 61, 3, 369, '', '', '', '', '', '', 'N/A', 0, '2022-03-07 13:49:09', '2022-03-07 13:49:09'),
(53, 62, 3, 370, '', '', '', '', '', '', 'N/A', 0, '2022-03-07 13:49:45', '2022-03-07 13:49:45'),
(54, 63, 3, 371, '', '', '', '', '', '', 'N/A', 0, '2022-03-07 13:50:21', '2022-03-07 13:50:21'),
(55, 64, 3, 372, '', '', '', '', '', '', 'N/A', 0, '2022-03-07 13:51:16', '2022-03-07 13:51:16'),
(56, 24, 1, 333, '36.06', '75', '25', '120/80', '76', '', 'n/a', 0, '2022-03-08 10:20:32', '2022-03-08 10:20:32'),
(57, 27, 1, 336, '36.07', '76', '19', '120/80', '78', '', 'n/a', 0, '2022-03-08 10:23:23', '2022-03-08 10:23:23'),
(58, 42, 1, 351, '35.04', '78', '18', '120/80', '76', '', 'n/a', 0, '2022-03-08 10:25:51', '2022-03-08 10:25:51'),
(59, 70, 1, 379, '36.04', '78', '20', '120/80', '76', '', 'n/a', 0, '2022-03-08 10:28:01', '2022-03-08 10:28:01'),
(60, 72, 1, 381, '36.07', '78', '19', '120/80', '76', '', 'n/a', 0, '2022-03-08 10:30:06', '2022-03-08 10:30:06'),
(61, 76, 1, 385, '36.08', '70', '19', '120/80', '76', '', 'n/a', 0, '2022-03-08 10:32:23', '2022-03-08 10:32:23'),
(62, 78, 1, 387, '36.06', '', '20', '120/80', '76', '', 'n/a', 0, '2022-03-08 10:35:27', '2022-03-08 10:35:27'),
(63, 80, 1, 389, '36.05', '70', '20', '120/80', '76', '', 'n/a', 0, '2022-03-08 10:37:38', '2022-03-08 10:37:38'),
(64, 82, 1, 391, '35.08', '78', '18', '120/80', '76', '', 'n/a', 0, '2022-03-08 10:39:24', '2022-03-08 10:39:24'),
(65, 93, 1, 402, '38.00', '78', '18', '120/80', '76', '', 'take medicine after meal', 0, '2022-03-08 10:50:08', '2022-03-08 10:50:08'),
(66, 84, 1, 393, '36.06', '78', '19', '120/80', '76', '', 'n/a', 0, '2022-03-08 10:56:12', '2022-03-08 10:56:12'),
(67, 86, 1, 395, '36.08', '78', '19', '120/80', '76', '', 'n/a', 0, '2022-03-08 11:02:42', '2022-03-08 11:02:42'),
(68, 88, 1, 397, '36.07', '78', '18', '120/80', '76', '', 'n/a', 0, '2022-03-08 11:05:17', '2022-03-08 11:05:17'),
(69, 90, 1, 399, '36.06', '78', '19', '120/80', '70', '', 'n/a', 0, '2022-03-08 11:06:56', '2022-03-08 11:06:56'),
(70, 92, 1, 401, '36.05', '70', '20', '120/80', '76', '', 'n/a', 0, '2022-03-08 11:08:42', '2022-03-08 11:08:42'),
(71, 24, 3, 333, '36.09', '78', '19', '120/80', '70', '', 'N/A', 0, '2022-03-08 11:15:06', '2022-03-08 11:15:06'),
(72, 26, 3, 335, '36.05', '78', '20', '120/80', '70', '', 'N/A', 0, '2022-03-08 11:16:18', '2022-03-08 11:16:18'),
(73, 27, 3, 336, '00.00', '', '', '', '', '', 'N/A', 0, '2022-03-08 11:19:12', '2022-03-08 11:19:12'),
(74, 34, 3, 343, '', '', '', '', '', '', 'N/A', 0, '2022-03-08 11:20:18', '2022-03-08 11:20:18'),
(75, 39, 3, 348, '', '', '', '', '', '', 'N/A', 0, '2022-03-08 11:22:02', '2022-03-08 11:22:02'),
(76, 42, 3, 351, '', '', '', '', '', '', 'N/A', 0, '2022-03-08 11:23:16', '2022-03-08 11:23:16'),
(77, 42, 3, 351, '', '', '', '', '', '', 'N/A', 0, '2022-03-08 11:24:35', '2022-03-08 11:24:35'),
(78, 49, 3, 358, '', '', '', '', '', '', 'N/A', 0, '2022-03-08 11:25:27', '2022-03-08 11:25:27'),
(79, 65, 3, 373, '', '', '', '', '', '', 'N/A', 0, '2022-03-08 11:26:33', '2022-03-08 11:26:33'),
(80, 67, 3, 376, '', '', '', '', '', '', 'N/A', 0, '2022-03-08 11:28:04', '2022-03-08 11:28:04'),
(81, 68, 3, 377, '', '', '', '', '', '', 'N/A', 0, '2022-03-08 11:28:52', '2022-03-08 11:28:52'),
(82, 69, 3, 378, '', '', '', '', '', '', 'N/A', 0, '2022-03-08 11:29:33', '2022-03-08 11:29:33'),
(83, 70, 3, 379, '', '', '', '', '', '', 'N/A', 0, '2022-03-08 11:30:23', '2022-03-08 11:30:23'),
(84, 71, 3, 380, '', '', '', '', '', '', 'N/A', 0, '2022-03-08 12:30:50', '2022-03-08 12:30:50'),
(85, 72, 3, 381, '', '', '', '', '', '', 'N/A', 0, '2022-03-08 12:32:36', '2022-03-08 12:32:36'),
(86, 73, 3, 382, '', '', '', '', '', '', 'N/A', 0, '2022-03-08 12:33:30', '2022-03-08 12:33:30'),
(87, 75, 3, 384, '', '', '', '', '', '', 'N/A', 0, '2022-03-08 12:37:49', '2022-03-08 12:37:49'),
(88, 76, 3, 385, '', '', '', '', '', '', 'N/A', 0, '2022-03-08 12:38:58', '2022-03-08 12:38:58'),
(89, 77, 3, 386, '', '', '', '', '', '', 'N/A', 0, '2022-03-08 12:39:44', '2022-03-08 12:39:44'),
(90, 78, 3, 387, '', '', '', '', '', '', 'N/A', 0, '2022-03-08 12:41:31', '2022-03-08 12:41:31'),
(91, 79, 3, 388, '', '', '', '', '', '', 'N/A', 0, '2022-03-08 12:43:25', '2022-03-08 12:43:25'),
(92, 80, 3, 389, '38.07', '78', '66', '120/80', '76', '', 'N/A', 0, '2022-03-08 12:45:07', '2022-03-08 12:45:07'),
(93, 81, 3, 390, '', '', '', '', '', '', 'N/A', 0, '2022-03-08 12:48:36', '2022-03-08 12:48:36'),
(94, 82, 3, 391, '', '', '', '', '', '', 'N/A', 0, '2022-03-08 12:49:48', '2022-03-08 12:49:48'),
(95, 83, 3, 392, '', '', '', '', '', '', 'N/A', 0, '2022-03-08 12:51:03', '2022-03-08 12:51:03'),
(96, 84, 3, 393, '', '', '', '', '', '', 'N/A', 0, '2022-03-08 12:52:43', '2022-03-08 12:52:43'),
(97, 85, 3, 394, '', '', '', '', '', '', 'N/A', 0, '2022-03-08 12:53:48', '2022-03-08 12:53:48'),
(98, 86, 3, 395, '', '', '', '', '', '', 'N/A', 0, '2022-03-08 13:07:02', '2022-03-08 13:07:02'),
(99, 87, 3, 396, '', '', '', '', '', '', 'N/A', 0, '2022-03-08 13:08:30', '2022-03-08 13:08:30'),
(100, 88, 3, 397, '', '', '', '', '', '', 'N/A', 0, '2022-03-08 13:12:28', '2022-03-08 13:12:28'),
(101, 89, 3, 398, '', '', '', '', '', '', 'N/A', 0, '2022-03-08 13:13:44', '2022-03-08 13:13:44'),
(102, 90, 3, 399, '', '', '', '', '', '', 'N/A', 0, '2022-03-08 13:15:17', '2022-03-08 13:15:17'),
(103, 91, 3, 400, '', '', '', '', '', '', 'N/A', 0, '2022-03-08 13:16:15', '2022-03-08 13:16:15'),
(104, 92, 3, 401, '', '', '', '', '', '', 'N/A', 0, '2022-03-08 13:18:05', '2022-03-08 13:18:05'),
(105, 93, 3, 402, '', '', '', '', '', '', 'N/A', 0, '2022-03-08 13:19:23', '2022-03-08 13:19:23'),
(106, 94, 1, 402, '38.00', '70', '18', '120/80', '76', '', 'take medicine every after 4 hours', 0, '2022-03-09 01:17:05', '2022-03-09 01:17:05'),
(107, 95, 1, 403, '40.04', '78', '66', '120/80', '76', '', 'N/A', 0, '2022-03-09 04:02:39', '2022-03-09 04:02:39'),
(108, 176, 3, 477, '39.00', '45', '50', '120/80', '46', 'n/a', 'N/a', 0, '2022-03-09 13:28:50', '2022-03-09 13:28:50'),
(109, 32, 1, 341, '38.05', '78', '66', '120/80', '76', '', 'n/a', 0, '2022-03-10 03:05:48', '2022-03-10 03:05:48'),
(110, 133, 1, 438, '36.06', '78', '66', '120/80', '76', '', 'n/a', 0, '2022-03-10 15:04:11', '2022-03-10 15:04:11'),
(111, 122, 3, 428, '', '', '', '', '', '', 'nbhuoh', 0, '2022-03-10 15:06:46', '2022-03-10 15:06:46'),
(112, 178, 1, 6, '38.00', '78', '18', '120/80', '76', '', 'n/a', 0, '2022-03-11 06:28:52', '2022-03-11 06:28:52'),
(113, 178, 1, 6, '37.07', '78', '19', '120/80', '76', '', 'n/a', 0, '2022-03-11 06:33:51', '2022-03-11 06:33:51'),
(114, 178, 3, 6, '38.08', '78', '19', '120/80', '76', '', 'n/a', 0, '2022-03-11 06:34:55', '2022-03-11 06:34:55'),
(115, 178, 1, 6, '36.08', '78', '17', '120/80', '76', '', 'n/a', 0, '2022-03-11 06:36:08', '2022-03-11 06:36:08'),
(116, 178, 3, 6, '36.06', '70', '16', '120/60', '78', '', 'n/a', 0, '2022-03-11 06:43:05', '2022-03-11 06:43:05'),
(117, 178, 1, 6, '38.07', '78', '19', '120/80', '76', '', 'take rest', 0, '2022-03-11 07:21:10', '2022-03-11 07:21:10');

-- --------------------------------------------------------

--
-- Table structure for table `check_up_care_equipments`
--

CREATE TABLE `check_up_care_equipments` (
  `check_up_care_equipment_id` bigint(20) NOT NULL,
  `check_up_id` bigint(20) DEFAULT NULL,
  `patient_id` bigint(20) DEFAULT NULL,
  `care_equipment_id` bigint(20) DEFAULT NULL,
  `quantity` decimal(15,2) DEFAULT NULL,
  `is_deleted` int(11) DEFAULT 0,
  `created_at` timestamp NULL DEFAULT current_timestamp(),
  `updated_at` timestamp NULL DEFAULT current_timestamp() ON UPDATE current_timestamp()
) ENGINE=InnoDB DEFAULT CHARSET=utf8mb4;

--
-- Dumping data for table `check_up_care_equipments`
--

INSERT INTO `check_up_care_equipments` (`check_up_care_equipment_id`, `check_up_id`, `patient_id`, `care_equipment_id`, `quantity`, `is_deleted`, `created_at`, `updated_at`) VALUES
(1, 8, 2, 2, '50.00', 0, '2022-01-09 02:51:15', '2022-01-09 02:51:15'),
(2, 9, 4, 2, '5.00', 0, '2022-01-09 02:55:49', '2022-01-09 02:55:49');

-- --------------------------------------------------------

--
-- Table structure for table `check_up_medicines`
--

CREATE TABLE `check_up_medicines` (
  `check_up_medicine_id` bigint(20) NOT NULL,
  `check_up_id` bigint(20) DEFAULT NULL,
  `patient_id` bigint(20) DEFAULT NULL,
  `medicine_id` bigint(20) DEFAULT NULL,
  `quantity` decimal(15,2) DEFAULT NULL,
  `is_deleted` int(11) DEFAULT 0,
  `created_at` timestamp NULL DEFAULT current_timestamp(),
  `updated_at` timestamp NULL DEFAULT current_timestamp() ON UPDATE current_timestamp()
) ENGINE=InnoDB DEFAULT CHARSET=utf8mb4;

--
-- Dumping data for table `check_up_medicines`
--

INSERT INTO `check_up_medicines` (`check_up_medicine_id`, `check_up_id`, `patient_id`, `medicine_id`, `quantity`, `is_deleted`, `created_at`, `updated_at`) VALUES
(1, 8, 2, 2, '10.00', 0, '2022-01-09 02:51:15', '2022-01-09 02:51:15'),
(2, 9, 4, 3, '10.00', 0, '2022-01-09 02:55:49', '2022-01-09 02:55:49'),
(3, 10, 1, 2, '5.00', 0, '2022-01-09 03:44:42', '2022-01-09 03:44:42'),
(4, 10, 1, 4, '5.00', 0, '2022-01-09 03:44:42', '2022-01-09 03:44:42'),
(5, 11, 1, 2, '5.00', 0, '2022-02-25 08:56:09', '2022-02-25 08:56:09'),
(6, 15, 2, 1, '0.00', 0, '2022-02-25 10:54:37', '2022-02-25 10:54:37'),
(7, 16, 6, 2, '3.00', 0, '2022-03-07 02:57:17', '2022-03-07 02:57:17'),
(8, 17, 5, 3, '4.00', 0, '2022-03-07 03:05:00', '2022-03-07 03:05:00'),
(9, 18, 327, 8, '2.00', 0, '2022-03-07 06:22:01', '2022-03-07 06:22:01'),
(10, 19, 328, 1, '2.00', 0, '2022-03-07 06:44:27', '2022-03-07 06:44:27'),
(11, 25, 329, 3, '4.00', 0, '2022-03-07 08:30:00', '2022-03-07 08:30:00'),
(12, 26, 330, 5, '5.00', 0, '2022-03-07 08:30:38', '2022-03-07 08:30:38'),
(13, 27, 331, 8, '2.00', 0, '2022-03-07 08:31:17', '2022-03-07 08:31:17'),
(14, 28, 332, 2, '4.00', 0, '2022-03-07 08:32:03', '2022-03-07 08:32:03'),
(15, 29, 334, 1, '4.00', 0, '2022-03-07 08:32:32', '2022-03-07 08:32:32'),
(16, 30, 339, 1, '4.00', 0, '2022-03-07 08:33:14', '2022-03-07 08:33:14'),
(17, 31, 340, 2, '4.00', 0, '2022-03-07 08:33:51', '2022-03-07 08:33:51'),
(18, 32, 342, 7, '3.00', 0, '2022-03-07 08:34:20', '2022-03-07 08:34:20'),
(19, 33, 347, 4, '4.00', 0, '2022-03-07 08:34:54', '2022-03-07 08:34:54'),
(20, 34, 349, 13, '4.00', 0, '2022-03-07 08:35:26', '2022-03-07 08:35:26'),
(21, 35, 350, 2, '4.00', 0, '2022-03-07 08:36:05', '2022-03-07 08:36:05'),
(22, 36, 354, 2, '7.00', 0, '2022-03-07 08:37:06', '2022-03-07 08:37:06'),
(23, 37, 357, 2, '3.00', 0, '2022-03-07 08:37:49', '2022-03-07 08:37:49'),
(24, 38, 359, 7, '2.00', 0, '2022-03-07 08:38:21', '2022-03-07 08:38:21'),
(25, 39, 362, 1, '4.00', 0, '2022-03-07 08:38:54', '2022-03-07 08:38:54'),
(26, 40, 363, 1, '4.00', 0, '2022-03-07 13:09:44', '2022-03-07 13:09:44'),
(27, 41, 364, 1, '2.00', 0, '2022-03-07 13:24:01', '2022-03-07 13:24:01'),
(28, 46, 363, 8, '3.00', 0, '2022-03-07 13:44:25', '2022-03-07 13:44:25'),
(29, 47, 364, 7, '3.00', 0, '2022-03-07 13:45:03', '2022-03-07 13:45:03'),
(30, 48, 365, 9, '2.00', 0, '2022-03-07 13:45:32', '2022-03-07 13:45:32'),
(31, 49, 366, 11, '5.00', 0, '2022-03-07 13:46:20', '2022-03-07 13:46:20'),
(32, 50, 367, 8, '4.00', 0, '2022-03-07 13:47:52', '2022-03-07 13:47:52'),
(33, 51, 368, 2, '4.00', 0, '2022-03-07 13:48:30', '2022-03-07 13:48:30'),
(34, 52, 369, 4, '6.00', 0, '2022-03-07 13:49:09', '2022-03-07 13:49:09'),
(35, 53, 370, 1, '4.00', 0, '2022-03-07 13:49:45', '2022-03-07 13:49:45'),
(36, 54, 371, 2, '5.00', 0, '2022-03-07 13:50:21', '2022-03-07 13:50:21'),
(37, 55, 372, 7, '4.00', 0, '2022-03-07 13:51:16', '2022-03-07 13:51:16'),
(38, 65, 402, 1, '5.00', 0, '2022-03-08 10:50:08', '2022-03-08 10:50:08'),
(39, 73, 336, 2, '3.00', 0, '2022-03-08 11:19:12', '2022-03-08 11:19:12'),
(40, 74, 343, 3, '6.00', 0, '2022-03-08 11:20:18', '2022-03-08 11:20:18'),
(41, 75, 348, 4, '3.00', 0, '2022-03-08 11:22:03', '2022-03-08 11:22:03'),
(42, 76, 351, 5, '11.00', 0, '2022-03-08 11:23:16', '2022-03-08 11:23:16'),
(43, 77, 351, 7, '4.00', 0, '2022-03-08 11:24:36', '2022-03-08 11:24:36'),
(44, 78, 358, 8, '5.00', 0, '2022-03-08 11:25:27', '2022-03-08 11:25:27'),
(45, 79, 373, 9, '3.00', 0, '2022-03-08 11:26:33', '2022-03-08 11:26:33'),
(46, 80, 376, 9, '2.00', 0, '2022-03-08 11:28:04', '2022-03-08 11:28:04'),
(47, 81, 377, 10, '1.00', 0, '2022-03-08 11:28:52', '2022-03-08 11:28:52'),
(48, 82, 378, 11, '3.00', 0, '2022-03-08 11:29:33', '2022-03-08 11:29:33'),
(49, 83, 379, 12, '3.00', 0, '2022-03-08 11:30:23', '2022-03-08 11:30:23'),
(50, 84, 380, 13, '4.00', 0, '2022-03-08 12:30:51', '2022-03-08 12:30:51'),
(51, 85, 381, 3, '2.00', 0, '2022-03-08 12:32:36', '2022-03-08 12:32:36'),
(52, 86, 382, 4, '4.00', 0, '2022-03-08 12:33:31', '2022-03-08 12:33:31'),
(53, 87, 384, 3, '4.00', 0, '2022-03-08 12:37:49', '2022-03-08 12:37:49'),
(54, 88, 385, 7, '4.00', 0, '2022-03-08 12:38:58', '2022-03-08 12:38:58'),
(55, 89, 386, 8, '4.00', 0, '2022-03-08 12:39:45', '2022-03-08 12:39:45'),
(56, 90, 387, 10, '10.00', 0, '2022-03-08 12:41:31', '2022-03-08 12:41:31'),
(57, 90, 387, 11, '10.00', 0, '2022-03-08 12:41:31', '2022-03-08 12:41:31'),
(58, 91, 388, 2, '4.00', 0, '2022-03-08 12:43:25', '2022-03-08 12:43:25'),
(59, 91, 388, 1, '4.00', 0, '2022-03-08 12:43:25', '2022-03-08 12:43:25'),
(60, 92, 389, 1, '6.00', 0, '2022-03-08 12:45:07', '2022-03-08 12:45:07'),
(61, 93, 390, 9, '4.00', 0, '2022-03-08 12:48:36', '2022-03-08 12:48:36'),
(62, 94, 391, 5, '4.00', 0, '2022-03-08 12:49:48', '2022-03-08 12:49:48'),
(63, 95, 392, 7, '4.00', 0, '2022-03-08 12:51:03', '2022-03-08 12:51:03'),
(64, 96, 393, 9, '4.00', 0, '2022-03-08 12:52:43', '2022-03-08 12:52:43'),
(65, 97, 394, 3, '4.00', 0, '2022-03-08 12:53:48', '2022-03-08 12:53:48'),
(66, 98, 395, 8, '4.00', 0, '2022-03-08 13:07:02', '2022-03-08 13:07:02'),
(67, 99, 396, 7, '6.00', 0, '2022-03-08 13:08:30', '2022-03-08 13:08:30'),
(68, 100, 397, 9, '6.00', 0, '2022-03-08 13:12:28', '2022-03-08 13:12:28'),
(69, 101, 398, 13, '10.00', 0, '2022-03-08 13:13:44', '2022-03-08 13:13:44'),
(70, 102, 399, 8, '10.00', 0, '2022-03-08 13:15:17', '2022-03-08 13:15:17'),
(71, 103, 400, 2, '4.00', 0, '2022-03-08 13:16:15', '2022-03-08 13:16:15'),
(72, 104, 401, 7, '4.00', 0, '2022-03-08 13:18:05', '2022-03-08 13:18:05'),
(73, 105, 402, 1, '4.00', 0, '2022-03-08 13:19:23', '2022-03-08 13:19:23'),
(74, 106, 402, 1, '6.00', 0, '2022-03-09 01:17:05', '2022-03-09 01:17:05'),
(75, 107, 403, 1, '4.00', 0, '2022-03-09 04:02:40', '2022-03-09 04:02:40'),
(76, 108, 477, 2, '8.00', 0, '2022-03-09 13:28:50', '2022-03-09 13:28:50'),
(77, 110, 438, 3, '3.00', 0, '2022-03-10 15:04:11', '2022-03-10 15:04:11'),
(78, 111, 428, 13, '1.00', 0, '2022-03-10 15:06:46', '2022-03-10 15:06:46'),
(79, 112, 6, 1, '3.00', 0, '2022-03-11 06:28:52', '2022-03-11 06:28:52'),
(80, 113, 6, 1, '3.00', 0, '2022-03-11 06:33:52', '2022-03-11 06:33:52'),
(81, 114, 6, 1, '5.00', 0, '2022-03-11 06:34:55', '2022-03-11 06:34:55'),
(82, 115, 6, 1, '6.00', 0, '2022-03-11 06:36:08', '2022-03-11 06:36:08'),
(83, 116, 6, 2, '4.00', 0, '2022-03-11 06:43:05', '2022-03-11 06:43:05'),
(84, 117, 6, 1, '5.00', 0, '2022-03-11 07:21:11', '2022-03-11 07:21:11');

-- --------------------------------------------------------

--
-- Table structure for table `check_up_treatments`
--

CREATE TABLE `check_up_treatments` (
  `check_up_treatment_id` bigint(20) NOT NULL,
  `check_up_id` bigint(20) DEFAULT NULL,
  `tooth_number` int(11) DEFAULT NULL,
  `status` text DEFAULT NULL,
  `is_deleted` int(11) DEFAULT 0,
  `created_at` timestamp NULL DEFAULT current_timestamp(),
  `updated_at` timestamp NULL DEFAULT current_timestamp() ON UPDATE current_timestamp()
) ENGINE=InnoDB DEFAULT CHARSET=utf8mb4;

-- --------------------------------------------------------

--
-- Table structure for table `clinical_case_records`
--

CREATE TABLE `clinical_case_records` (
  `clinical_case_record_id` bigint(20) NOT NULL,
  `check_up_id` bigint(20) DEFAULT NULL,
  `patient_id` bigint(20) DEFAULT NULL,
  `health_complaint` text DEFAULT NULL,
  `treatment` text DEFAULT NULL,
  `schedule` date DEFAULT NULL,
  `is_deleted` int(11) DEFAULT 0,
  `created_at` timestamp NULL DEFAULT current_timestamp(),
  `updated_at` timestamp NULL DEFAULT current_timestamp() ON UPDATE current_timestamp()
) ENGINE=InnoDB DEFAULT CHARSET=utf8mb4;

--
-- Dumping data for table `clinical_case_records`
--

INSERT INTO `clinical_case_records` (`clinical_case_record_id`, `check_up_id`, `patient_id`, `health_complaint`, `treatment`, `schedule`, `is_deleted`, `created_at`, `updated_at`) VALUES
(1, 8, 2, 'test', 'test', '2022-01-19', 0, '2022-01-09 02:51:16', '2022-01-09 02:51:16'),
(2, 9, 4, 'test', 'test', '2022-01-10', 0, '2022-01-09 02:55:50', '2022-01-09 02:55:50'),
(3, 11, 1, 'test', 'test', '2022-02-27', 0, '2022-02-25 08:56:10', '2022-02-25 08:56:10');

-- --------------------------------------------------------

--
-- Table structure for table `clinic_appointments`
--

CREATE TABLE `clinic_appointments` (
  `clinic_appointment_id` bigint(20) NOT NULL,
  `patient_id` bigint(20) DEFAULT NULL,
  `service_id` bigint(20) DEFAULT NULL,
  `purpose` text DEFAULT NULL,
  `date_appointment` date DEFAULT NULL,
  `appointment_status` int(11) DEFAULT 1,
  `is_done` int(11) DEFAULT 0,
  `is_website` int(11) DEFAULT 0,
  `is_read` int(11) DEFAULT 1,
  `is_deleted` int(11) DEFAULT 0,
  `created_at` timestamp NULL DEFAULT current_timestamp(),
  `updated_at` timestamp NULL DEFAULT current_timestamp() ON UPDATE current_timestamp()
) ENGINE=InnoDB DEFAULT CHARSET=utf8mb4;

--
-- Dumping data for table `clinic_appointments`
--

INSERT INTO `clinic_appointments` (`clinic_appointment_id`, `patient_id`, `service_id`, `purpose`, `date_appointment`, `appointment_status`, `is_done`, `is_website`, `is_read`, `is_deleted`, `created_at`, `updated_at`) VALUES
(1, 1, 2, 'TEST', '2021-12-13', 1, 1, 0, 1, 1, '2021-12-05 05:35:10', '2022-03-07 02:48:15'),
(2, 1, 2, 'test', '2021-12-03', 1, 0, 0, 1, 1, '2021-12-05 11:49:28', '2021-12-05 11:49:36'),
(3, 2, 1, 'test', '2022-01-08', 1, 1, 0, 1, 0, '2022-01-08 09:30:51', '2022-01-08 09:30:59'),
(4, 4, 1, 'test', '2022-01-09', 1, 1, 0, 1, 0, '2022-01-09 00:53:21', '2022-01-09 00:53:21'),
(5, 2, 1, 'tesst', '2022-01-09', 1, 2, 0, 1, 1, '2022-01-09 01:17:19', '2022-03-07 03:13:55'),
(6, 2, 1, 'test', '2022-01-19', 1, 0, 0, 1, 1, '2022-01-09 02:43:07', '2022-01-09 02:56:45'),
(7, 2, 1, 'test', '2022-01-19', 1, 0, 0, 1, 1, '2022-01-09 02:51:16', '2022-03-07 03:13:41'),
(8, 4, 1, 'test', '2022-01-10', 1, 0, 0, 1, 1, '2022-01-09 02:55:50', '2022-03-07 03:13:47'),
(9, 1, 1, 'test', '2022-02-25', 1, 1, 0, 1, 1, '2022-02-25 08:34:54', '2022-03-07 02:48:25'),
(10, 1, 1, 'test', '2022-02-27', 1, 0, 0, 1, 1, '2022-02-25 08:56:10', '2022-03-07 02:47:53'),
(11, 2, 3, 'test', '2022-02-25', 1, 1, 0, 1, 0, '2022-02-25 10:46:54', '2022-02-25 10:54:37'),
(12, 2, 1, 'test', '2022-02-25', 1, 0, 1, 1, 1, '2022-02-25 12:52:25', '2022-03-07 03:13:36'),
(13, 1, 1, 'test', '2022-02-25', 1, 0, 1, 1, 1, '2022-02-25 14:04:34', '2022-03-07 02:48:03'),
(14, 6, 1, 'check-up', '2022-03-07', 1, 1, 1, 1, 0, '2022-03-07 02:52:43', '2022-03-07 02:57:17'),
(15, 5, 3, 'Requesting of medicine', '2022-03-07', 1, 1, 0, 1, 0, '2022-03-07 03:02:56', '2022-03-07 03:05:00'),
(16, 327, 3, 'requesting medicine', '2022-03-07', 1, 1, 0, 1, 0, '2022-03-07 06:18:15', '2022-03-07 06:22:00'),
(17, 328, 3, 'requesting medicine', '2022-03-07', 1, 1, 0, 1, 0, '2022-03-07 06:25:37', '2022-03-07 06:44:27'),
(18, 329, 3, 'Requesting medicine', '2022-03-07', 1, 1, 0, 1, 0, '2022-03-07 06:48:51', '2022-03-07 08:30:00'),
(19, 330, 1, 'check-up', '2022-03-07', 1, 1, 0, 1, 0, '2022-03-07 06:54:34', '2022-03-07 08:23:27'),
(20, 326, 3, 'medicine assisstance', '2022-03-07', 1, 0, 0, 1, 1, '2022-03-07 06:55:53', '2022-03-07 08:21:46'),
(21, 331, 3, 'medicine assisstance', '2022-03-07', 1, 1, 0, 1, 0, '2022-03-07 06:58:31', '2022-03-07 08:31:17'),
(22, 331, 1, 'check-up', '2022-03-07', 1, 0, 0, 1, 0, '2022-03-07 08:03:42', '2022-03-07 08:03:42'),
(23, 332, 1, 'check-up', '2022-03-07', 1, 1, 0, 1, 0, '2022-03-07 08:04:17', '2022-03-07 08:24:41'),
(24, 333, 1, 'check-up', '2022-03-08', 1, 1, 0, 1, 0, '2022-03-07 08:04:48', '2022-03-08 10:20:32'),
(25, 334, 3, 'medicine assisstance', '2022-03-07', 1, 1, 0, 1, 0, '2022-03-07 08:05:21', '2022-03-07 08:32:31'),
(26, 335, 3, 'medicine assistance', '2022-03-08', 1, 1, 0, 1, 0, '2022-03-07 08:05:57', '2022-03-08 11:16:18'),
(27, 336, 1, 'check-up', '2022-03-08', 1, 1, 0, 1, 0, '2022-03-07 08:06:33', '2022-03-08 10:23:24'),
(28, 337, 1, 'check-up', '2022-03-09', 1, 0, 0, 1, 0, '2022-03-07 08:07:10', '2022-03-07 08:07:10'),
(29, 338, 3, 'medicine assistance', '2022-03-09', 1, 0, 0, 1, 0, '2022-03-07 08:07:59', '2022-03-07 08:07:59'),
(30, 339, 1, 'check-up', '2022-03-07', 1, 1, 0, 1, 0, '2022-03-07 08:08:23', '2022-03-07 08:26:51'),
(31, 340, 3, 'medicine assistance', '2022-03-07', 1, 1, 0, 1, 0, '2022-03-07 08:08:58', '2022-03-07 08:33:50'),
(32, 341, 1, 'check-up', '2022-03-10', 1, 1, 0, 1, 0, '2022-03-07 08:11:09', '2022-03-10 03:05:48'),
(33, 342, 3, 'medicine assistance', '2022-03-07', 1, 1, 0, 1, 0, '2022-03-07 08:11:51', '2022-03-07 08:34:20'),
(34, 343, 3, 'medicine assistance', '2022-03-08', 1, 1, 0, 1, 0, '2022-03-07 08:12:16', '2022-03-08 11:20:18'),
(35, 344, 3, 'medicine assistance', '2022-03-09', 1, 0, 0, 1, 0, '2022-03-07 08:12:36', '2022-03-07 08:12:36'),
(36, 345, 3, 'medicine assistance', '2022-03-10', 1, 0, 0, 1, 0, '2022-03-07 08:13:04', '2022-03-07 08:13:04'),
(37, 346, 3, 'medicine assistance', '2022-03-11', 1, 0, 0, 1, 0, '2022-03-07 08:13:30', '2022-03-07 08:13:30'),
(38, 347, 3, 'medicine assistance', '2022-03-07', 1, 1, 0, 1, 0, '2022-03-07 08:13:52', '2022-03-07 08:34:53'),
(39, 348, 3, 'medicine assistance', '2022-03-08', 1, 1, 0, 1, 0, '2022-03-07 08:14:18', '2022-03-08 11:22:02'),
(40, 349, 3, 'medicine assistance', '2022-03-07', 1, 1, 0, 1, 0, '2022-03-07 08:14:43', '2022-03-07 08:35:26'),
(41, 350, 1, 'check-up', '2022-03-07', 1, 1, 0, 1, 0, '2022-03-07 08:15:13', '2022-03-07 08:27:41'),
(42, 351, 1, 'check-up', '2022-03-08', 1, 1, 0, 1, 0, '2022-03-07 08:15:39', '2022-03-08 10:25:51'),
(43, 352, 1, 'check-up', '2022-03-09', 1, 0, 0, 1, 0, '2022-03-07 08:15:59', '2022-03-07 08:15:59'),
(44, 353, 1, 'check-up', '2022-03-10', 1, 0, 0, 1, 0, '2022-03-07 08:16:19', '2022-03-07 08:16:19'),
(45, 354, 1, 'check-up', '2022-03-07', 1, 1, 0, 1, 0, '2022-03-07 08:16:41', '2022-03-07 08:28:36'),
(46, 355, 1, 'check-up', '2022-03-11', 1, 0, 0, 1, 0, '2022-03-07 08:17:12', '2022-03-07 08:17:12'),
(47, 356, 1, 'check-up', '2022-03-11', 1, 0, 0, 1, 0, '2022-03-07 08:17:32', '2022-03-07 08:17:32'),
(48, 357, 3, 'medicine assistance', '2022-03-07', 1, 1, 0, 1, 0, '2022-03-07 08:18:10', '2022-03-07 08:37:49'),
(49, 358, 3, 'medicine assistance', '2022-03-08', 1, 1, 0, 1, 0, '2022-03-07 08:18:32', '2022-03-08 11:25:27'),
(50, 359, 3, 'medicine assistance', '2022-03-07', 1, 1, 0, 1, 0, '2022-03-07 08:19:07', '2022-03-07 08:38:21'),
(51, 360, 3, 'medicine assistance', '0000-00-00', 1, 0, 0, 1, 1, '2022-03-07 08:19:32', '2022-03-07 13:35:24'),
(52, 361, 3, 'medicine assistance', '2022-03-11', 1, 0, 0, 1, 0, '2022-03-07 08:19:52', '2022-03-07 08:19:52'),
(53, 362, 3, 'medicine assistance', '2022-03-07', 1, 1, 0, 1, 0, '2022-03-07 08:20:24', '2022-03-07 08:38:53'),
(54, 5, 3, 'medical assistance', '2022-03-07', 1, 0, 1, 1, 0, '2022-03-07 09:25:11', '2022-03-07 09:26:01'),
(55, 363, 1, 'check-up', '2022-03-07', 1, 1, 0, 1, 0, '2022-03-07 13:07:55', '2022-03-07 13:09:44'),
(56, 364, 1, 'check-up', '2022-03-07', 1, 1, 0, 1, 0, '2022-03-07 13:21:55', '2022-03-07 13:24:01'),
(57, 365, 3, 'medicine assistance', '2022-03-07', 1, 1, 0, 1, 0, '2022-03-07 13:27:28', '2022-03-07 13:45:32'),
(58, 366, 3, 'medicine assistance', '2022-03-07', 1, 1, 0, 1, 0, '2022-03-07 13:28:51', '2022-03-07 13:46:20'),
(59, 367, 3, 'medicine assistance', '2022-03-07', 1, 1, 0, 1, 0, '2022-03-07 13:29:35', '2022-03-07 13:47:52'),
(60, 368, 3, 'medicine assistance', '2022-03-07', 1, 1, 0, 1, 0, '2022-03-07 13:30:16', '2022-03-07 13:48:30'),
(61, 369, 1, 'check-up', '2022-03-07', 1, 1, 0, 1, 0, '2022-03-07 13:31:08', '2022-03-07 13:37:32'),
(62, 370, 1, 'check-up', '2022-03-07', 1, 1, 0, 1, 0, '2022-03-07 13:31:40', '2022-03-07 13:39:03'),
(63, 371, 1, 'check-up', '2022-03-07', 1, 1, 0, 1, 0, '2022-03-07 13:32:08', '2022-03-07 13:50:21'),
(64, 372, 1, 'check-up', '2022-03-07', 1, 1, 0, 1, 0, '2022-03-07 13:32:49', '2022-03-07 13:41:51'),
(65, 373, 3, 'medicine assistance\n', '2022-03-08', 1, 1, 0, 1, 0, '2022-03-08 06:50:34', '2022-03-08 11:26:33'),
(66, 374, 3, 'medicine assistance', '2022-03-08', 1, 0, 0, 1, 0, '2022-03-08 06:51:33', '2022-03-08 06:51:33'),
(67, 376, 3, 'medicine assistance', '2022-03-08', 1, 1, 0, 1, 0, '2022-03-08 09:46:37', '2022-03-08 11:28:04'),
(68, 377, 3, 'medicine assistance', '2022-03-08', 1, 1, 0, 1, 0, '2022-03-08 09:47:37', '2022-03-08 11:28:52'),
(69, 378, 3, 'medicine assistance', '2022-03-08', 1, 1, 0, 1, 0, '2022-03-08 09:48:54', '2022-03-08 11:29:33'),
(70, 379, 1, 'check up', '2022-03-08', 1, 1, 0, 1, 0, '2022-03-08 09:50:10', '2022-03-08 10:28:01'),
(71, 380, 3, 'Medical Assistance', '2022-03-08', 1, 1, 0, 1, 0, '2022-03-08 09:51:09', '2022-03-08 12:30:51'),
(72, 381, 1, 'check up', '2022-03-08', 1, 1, 0, 1, 0, '2022-03-08 09:51:43', '2022-03-08 10:30:06'),
(73, 382, 3, 'Medical Assistance', '2022-03-08', 1, 1, 0, 1, 0, '2022-03-08 09:52:21', '2022-03-08 12:33:31'),
(74, 383, 1, 'Check up ', '0000-00-00', 1, 0, 0, 1, 0, '2022-03-08 09:52:58', '2022-03-08 09:52:58'),
(75, 384, 3, 'Medicine Assistance', '2022-03-08', 1, 1, 0, 1, 0, '2022-03-08 09:53:50', '2022-03-08 12:37:49'),
(76, 385, 1, 'check up', '2022-03-08', 1, 1, 0, 1, 0, '2022-03-08 09:54:25', '2022-03-08 10:32:23'),
(77, 386, 3, 'Medicine Assistance', '2022-03-08', 1, 1, 0, 1, 0, '2022-03-08 09:55:12', '2022-03-08 12:39:44'),
(78, 387, 1, 'check up', '2022-03-08', 1, 1, 0, 1, 0, '2022-03-08 09:55:45', '2022-03-08 10:35:28'),
(79, 388, 3, 'Medicine Assisstance', '2022-03-08', 1, 1, 0, 1, 0, '2022-03-08 09:56:46', '2022-03-08 12:43:25'),
(80, 389, 1, 'check up', '2022-03-08', 1, 1, 0, 1, 0, '2022-03-08 09:57:30', '2022-03-08 10:37:39'),
(81, 390, 3, 'Medicine Assistance', '2022-03-08', 1, 1, 0, 1, 0, '2022-03-08 09:58:16', '2022-03-08 12:48:36'),
(82, 391, 1, 'check up', '2022-03-08', 1, 1, 0, 1, 0, '2022-03-08 09:58:49', '2022-03-08 10:39:24'),
(83, 392, 3, 'Medicine Assistance', '2022-03-08', 1, 1, 0, 1, 0, '2022-03-08 09:59:23', '2022-03-08 12:51:03'),
(84, 393, 1, 'check up', '2022-03-08', 1, 1, 0, 1, 0, '2022-03-08 10:00:22', '2022-03-08 10:56:12'),
(85, 394, 3, 'Medicine Assistance', '2022-03-08', 1, 1, 0, 1, 0, '2022-03-08 10:01:06', '2022-03-08 12:53:48'),
(86, 395, 1, 'check up', '2022-03-08', 1, 1, 0, 1, 0, '2022-03-08 10:01:35', '2022-03-08 11:02:42'),
(87, 396, 3, 'Medicine Assistance', '2022-03-08', 1, 1, 0, 1, 0, '2022-03-08 10:02:17', '2022-03-08 13:08:30'),
(88, 397, 1, 'check up', '2022-03-08', 1, 1, 0, 1, 0, '2022-03-08 10:02:46', '2022-03-08 11:05:17'),
(89, 398, 3, 'Medicine Assistance', '2022-03-08', 1, 1, 0, 1, 0, '2022-03-08 10:03:25', '2022-03-08 13:13:44'),
(90, 399, 1, 'check up', '2022-03-08', 1, 1, 0, 1, 0, '2022-03-08 10:04:05', '2022-03-08 11:06:56'),
(91, 400, 3, 'Medicine Assistance', '2022-03-08', 1, 1, 0, 1, 0, '2022-03-08 10:04:39', '2022-03-08 13:16:15'),
(92, 401, 1, 'check up', '2022-03-08', 1, 1, 0, 1, 0, '2022-03-08 10:05:09', '2022-03-08 11:08:42'),
(93, 402, 1, 'for medication', '2022-03-08', 1, 1, 1, 1, 0, '2022-03-08 10:46:16', '2022-03-08 10:50:08'),
(94, 402, 1, 'medical check-up', '2022-03-09', 1, 1, 0, 1, 0, '2022-03-09 01:09:28', '2022-03-09 01:17:05'),
(95, 403, 1, 'check-up', '2022-03-09', 1, 1, 0, 1, 0, '2022-03-09 04:01:06', '2022-03-09 04:02:40'),
(96, 404, 1, 'for medical', '0000-00-00', 1, 0, 0, 1, 0, '2022-03-09 09:52:05', '2022-03-09 09:52:05'),
(97, 405, 1, 'medical', '2022-03-10', 1, 0, 0, 1, 0, '2022-03-09 09:55:23', '2022-03-09 09:55:23'),
(98, 406, 3, 'despinsing medicene', '2022-03-10', 1, 0, 0, 1, 0, '2022-03-09 09:56:39', '2022-03-09 09:56:39'),
(99, 407, 3, 'dispensing Medicine', '2022-03-10', 1, 0, 0, 1, 0, '2022-03-09 09:59:21', '2022-03-09 09:59:21'),
(100, 408, 3, 'dispensing Medicine', '2022-03-10', 1, 0, 0, 1, 0, '2022-03-09 10:00:15', '2022-03-09 10:00:15'),
(101, 408, 1, 'for medication', '2022-03-10', 1, 0, 0, 1, 0, '2022-03-09 10:01:15', '2022-03-09 10:01:15'),
(102, 409, 1, 'For medical', '2022-03-09', 1, 0, 0, 1, 0, '2022-03-09 10:02:19', '2022-03-09 10:02:19'),
(103, 410, 3, 'For dispensing medicine', '2022-03-10', 1, 0, 0, 1, 0, '2022-03-09 10:03:26', '2022-03-09 10:03:26'),
(104, 411, 3, 'For dispensing Medicine', '2022-03-10', 1, 0, 0, 1, 0, '2022-03-09 10:04:47', '2022-03-09 10:04:47'),
(105, 412, 1, 'For medical', '2022-03-11', 1, 0, 0, 1, 0, '2022-03-09 10:05:30', '2022-03-09 10:05:30'),
(106, 413, 1, 'for medical', '2022-03-11', 1, 0, 0, 1, 0, '2022-03-09 10:06:20', '2022-03-09 10:06:20'),
(107, 414, 3, 'For dispensing medicine', '2022-03-11', 1, 0, 0, 1, 0, '2022-03-09 10:07:15', '2022-03-09 10:07:15'),
(108, 415, 1, 'For medical', '0000-00-00', 1, 0, 0, 1, 0, '2022-03-09 10:08:33', '2022-03-09 10:08:33'),
(109, 416, 1, 'For medical', '2022-03-10', 1, 0, 0, 1, 0, '2022-03-09 10:09:38', '2022-03-09 10:09:38'),
(110, 417, 3, 'For dispensing medicine', '2022-03-11', 1, 0, 0, 1, 0, '2022-03-09 10:10:23', '2022-03-09 10:10:23'),
(111, 418, 1, 'For medical', '2022-03-11', 1, 0, 0, 1, 0, '2022-03-09 10:11:49', '2022-03-09 10:11:49'),
(112, 419, 3, 'For medicine', '2022-03-11', 1, 0, 0, 1, 0, '2022-03-09 10:12:51', '2022-03-09 10:12:51'),
(113, 420, 3, 'For dispensing', '2022-03-10', 1, 0, 0, 1, 0, '2022-03-09 10:13:57', '2022-03-09 10:13:57'),
(114, 421, 3, 'For dispensing medicine', '2022-03-10', 1, 0, 0, 1, 0, '2022-03-09 10:14:44', '2022-03-09 10:14:44'),
(115, 422, 3, 'For dispensing', '2022-03-11', 1, 0, 0, 1, 0, '2022-03-09 10:15:43', '2022-03-09 10:15:43'),
(116, 423, 1, 'For medical', '2022-03-11', 1, 0, 0, 1, 0, '2022-03-09 10:16:18', '2022-03-09 10:16:18'),
(117, 424, 1, 'For medical', '2022-03-10', 1, 0, 0, 1, 0, '2022-03-09 10:16:55', '2022-03-09 10:16:55'),
(118, 421, 1, 'For medical', '2022-03-10', 1, 0, 0, 1, 0, '2022-03-09 10:19:16', '2022-03-09 10:19:16'),
(119, 425, 1, 'For medical', '2022-03-11', 1, 0, 0, 1, 0, '2022-03-09 10:20:07', '2022-03-09 10:20:07'),
(120, 426, 3, 'for dispensing an medicine', '2022-03-10', 1, 0, 0, 1, 0, '2022-03-09 10:21:16', '2022-03-09 10:21:16'),
(121, 427, 1, 'For medical check up', '2022-03-10', 1, 0, 0, 1, 0, '2022-03-09 10:22:03', '2022-03-09 10:22:03'),
(122, 428, 1, 'For Medical', '2022-03-10', 1, 1, 0, 1, 0, '2022-03-09 10:22:56', '2022-03-10 15:06:46'),
(123, 429, 3, 'For dispensing medicine', '2022-03-11', 1, 0, 0, 1, 0, '2022-03-09 10:24:06', '2022-03-09 10:24:06'),
(124, 430, 1, 'For medical check up', '2022-03-10', 1, 0, 0, 1, 0, '2022-03-09 10:25:02', '2022-03-09 10:25:02'),
(125, 431, 1, 'For medical check up', '2022-03-09', 1, 0, 0, 1, 0, '2022-03-09 10:25:50', '2022-03-09 10:25:50'),
(126, 432, 1, 'For medical check up', '2022-03-11', 1, 0, 0, 1, 0, '2022-03-09 10:26:48', '2022-03-09 10:26:48'),
(127, 433, 3, 'For dispensing medicine', '2022-03-10', 1, 0, 0, 1, 0, '2022-03-09 10:27:32', '2022-03-09 10:27:32'),
(128, 434, 1, 'For medical check up', '2022-03-09', 1, 0, 0, 1, 0, '2022-03-09 10:28:19', '2022-03-09 10:28:19'),
(129, 435, 1, 'For medical check up', '2022-03-10', 1, 0, 0, 1, 0, '2022-03-09 10:29:10', '2022-03-09 10:29:10'),
(130, 436, 3, 'For dispensing medicine purposes', '2022-03-11', 1, 0, 0, 1, 0, '2022-03-09 10:30:02', '2022-03-09 10:30:02'),
(131, 436, 3, 'For dispensing medicine', '2022-03-11', 1, 0, 0, 1, 0, '2022-03-09 10:30:46', '2022-03-09 10:30:46'),
(132, 437, 1, 'For medical services', '2022-03-10', 1, 0, 0, 1, 0, '2022-03-09 10:31:21', '2022-03-09 10:31:21'),
(133, 438, 1, 'for medical', '2022-03-10', 1, 1, 0, 1, 0, '2022-03-09 10:31:52', '2022-03-10 15:04:11'),
(134, 439, 1, 'For medical check up', '2022-03-10', 1, 0, 0, 1, 0, '2022-03-09 10:32:27', '2022-03-09 10:32:27'),
(135, 440, 1, 'For medical', '2022-03-11', 1, 0, 0, 1, 0, '2022-03-09 10:32:58', '2022-03-09 10:32:58'),
(136, 441, 1, 'For medical purposes', '2022-03-11', 1, 0, 0, 1, 0, '2022-03-09 10:33:52', '2022-03-09 10:33:52'),
(137, 441, 1, 'for medical purpose', '0000-00-00', 1, 0, 0, 1, 0, '2022-03-09 10:34:33', '2022-03-09 10:34:33'),
(138, 442, 1, 'for medical', '2022-03-14', 1, 0, 0, 1, 0, '2022-03-09 11:49:44', '2022-03-09 11:49:44'),
(139, 443, 3, 'For dispensing medicine', '2022-03-14', 1, 0, 0, 1, 0, '2022-03-09 11:52:10', '2022-03-09 11:52:10'),
(140, 444, 1, 'For medical', '2022-03-15', 1, 0, 0, 1, 0, '2022-03-09 11:52:57', '2022-03-09 11:52:57'),
(141, 445, 1, 'For medical', '2022-03-14', 1, 0, 0, 1, 0, '2022-03-09 11:53:46', '2022-03-09 11:53:46'),
(142, 446, 1, 'For medical', '2022-03-15', 1, 0, 0, 1, 0, '2022-03-09 11:57:07', '2022-03-09 11:57:07'),
(143, 447, 3, 'For dispensing', '2022-03-14', 1, 0, 0, 1, 0, '2022-03-09 11:57:56', '2022-03-09 11:57:56'),
(144, 448, 3, 'For dispensing medicine', '2022-03-14', 1, 0, 0, 1, 0, '2022-03-09 11:58:38', '2022-03-09 11:58:38'),
(145, 449, 1, 'for medical', '2022-03-14', 1, 0, 0, 1, 0, '2022-03-09 12:01:10', '2022-03-09 12:01:10'),
(146, 450, 1, 'For medical purpose', '2022-03-14', 1, 0, 0, 1, 0, '2022-03-09 12:02:14', '2022-03-09 12:02:14'),
(147, 451, 1, 'For medical ', '2022-03-15', 1, 0, 0, 1, 0, '2022-03-09 12:03:34', '2022-03-09 12:03:34'),
(148, 452, 1, 'For dispensing', '2022-04-12', 2, 0, 0, 1, 0, '2022-03-09 12:04:25', '2022-04-02 05:06:53'),
(149, 453, 1, 'for medical', '2022-03-14', 1, 0, 0, 1, 0, '2022-03-09 12:04:53', '2022-03-09 12:04:53'),
(150, 454, 1, 'for medical', '2022-03-14', 1, 0, 0, 1, 0, '2022-03-09 12:05:36', '2022-03-09 12:05:36'),
(151, 455, 3, 'For dispensing', '2022-03-14', 1, 0, 0, 1, 0, '2022-03-09 12:06:38', '2022-03-09 12:06:38'),
(152, 456, 1, 'for medical', '2022-03-14', 1, 0, 0, 1, 0, '2022-03-09 12:07:13', '2022-03-09 12:07:13'),
(153, 457, 1, 'For medical', '2022-03-15', 1, 0, 0, 1, 0, '2022-03-09 12:08:06', '2022-03-09 12:08:06'),
(154, 458, 1, 'For medical', '2022-03-16', 1, 0, 0, 1, 0, '2022-03-09 12:08:39', '2022-03-09 12:08:39'),
(155, 459, 3, 'For dispensing', '2022-03-14', 1, 0, 0, 1, 0, '2022-03-09 12:09:48', '2022-03-09 12:09:48'),
(156, 460, 1, 'For medical', '2022-03-14', 1, 0, 0, 1, 0, '2022-03-09 12:10:25', '2022-03-09 12:10:25'),
(157, 461, 3, 'For dispensing medicine', '2022-03-15', 1, 0, 0, 1, 0, '2022-03-09 12:11:03', '2022-03-09 12:11:03'),
(158, 462, 1, 'for medical', '2022-03-14', 1, 0, 0, 1, 0, '2022-03-09 12:11:40', '2022-03-09 12:11:40'),
(159, 463, 3, 'for dispensing medicine', '2022-03-14', 1, 0, 0, 1, 0, '2022-03-09 12:13:02', '2022-03-09 12:13:02'),
(160, 463, 1, 'for medical', '2022-03-14', 1, 0, 0, 1, 0, '2022-03-09 12:14:29', '2022-03-09 12:14:29'),
(161, 464, 3, 'for medicine', '2022-03-14', 1, 0, 0, 1, 0, '2022-03-09 12:14:59', '2022-03-09 12:14:59'),
(162, 465, 1, 'for meical', '2022-03-16', 1, 0, 0, 1, 0, '2022-03-09 12:15:27', '2022-03-09 12:15:27'),
(163, 466, 1, 'for medical', '2022-03-15', 1, 0, 0, 1, 0, '2022-03-09 12:15:52', '2022-03-09 12:15:52'),
(164, 466, 1, 'for medical', '2022-03-16', 1, 0, 0, 1, 0, '2022-03-09 12:17:18', '2022-03-09 12:17:18'),
(165, 468, 1, 'for medical', '2022-03-14', 1, 0, 0, 1, 0, '2022-03-09 12:17:49', '2022-03-09 12:17:49'),
(166, 469, 3, 'for dispensing medicine', '2022-03-16', 1, 0, 0, 1, 0, '2022-03-09 12:18:36', '2022-03-09 12:18:36'),
(167, 469, 1, 'for medical', '2022-03-14', 1, 0, 0, 1, 0, '2022-03-09 12:19:22', '2022-03-09 12:19:22'),
(168, 470, 1, 'for medical', '2022-03-14', 1, 0, 0, 1, 0, '2022-03-09 12:19:56', '2022-03-09 12:19:56'),
(169, 470, 3, 'for dispensing medicine', '2022-03-16', 1, 0, 0, 1, 0, '2022-03-09 12:20:29', '2022-03-09 12:20:29'),
(170, 471, 1, 'For medical', '2022-03-14', 1, 0, 0, 1, 0, '2022-03-09 12:20:58', '2022-03-09 12:20:58'),
(171, 472, 3, 'for dispensing medicine', '2022-03-15', 1, 0, 0, 1, 0, '2022-03-09 12:21:43', '2022-03-09 12:21:43'),
(172, 473, 1, 'for medical', '2022-03-14', 1, 0, 0, 1, 0, '2022-03-09 12:22:13', '2022-03-09 12:22:13'),
(173, 474, 3, 'for dispensing', '2022-03-16', 1, 0, 0, 1, 0, '2022-03-09 12:22:43', '2022-03-09 12:22:43'),
(174, 475, 1, 'for medical', '2022-03-14', 1, 0, 0, 1, 0, '2022-03-09 12:23:12', '2022-03-09 12:23:12'),
(175, 476, 3, 'for dispensing medicine', '2022-03-15', 1, 0, 0, 1, 0, '2022-03-09 12:23:56', '2022-03-09 12:23:56'),
(176, 477, 3, 'dispensing', '2022-03-09', 1, 1, 0, 1, 0, '2022-03-09 13:27:08', '2022-03-09 13:28:50'),
(177, 2, 3, 'medicine assistance', '2022-03-10', 2, 1, 0, 1, 0, '2022-03-10 03:21:40', '2022-04-02 05:08:16'),
(178, 6, 1, 'check-up', '2022-03-11', 1, 1, 0, 1, 0, '2022-03-11 06:24:04', '2022-03-11 06:28:52'),
(179, 6, 3, 'medicine assistance', '2022-03-11', 1, 0, 0, 1, 0, '2022-03-11 06:24:42', '2022-03-11 06:24:42');

-- --------------------------------------------------------

--
-- Table structure for table `courses`
--

CREATE TABLE `courses` (
  `course_id` bigint(20) NOT NULL,
  `abbreviation` varchar(45) DEFAULT NULL,
  `name` varchar(150) DEFAULT NULL,
  `is_deleted` int(11) DEFAULT 0,
  `created_at` timestamp NULL DEFAULT current_timestamp(),
  `updated_at` timestamp NULL DEFAULT current_timestamp() ON UPDATE current_timestamp()
) ENGINE=InnoDB DEFAULT CHARSET=utf8mb4;

--
-- Dumping data for table `courses`
--

INSERT INTO `courses` (`course_id`, `abbreviation`, `name`, `is_deleted`, `created_at`, `updated_at`) VALUES
(1, 'BSIT', 'Bachelor of Science Major in Information Technology', 0, '2021-12-03 00:13:03', '2021-12-03 00:13:03'),
(2, 'BSIT', 'Bachelor of Science Major in Industrial Technology', 0, '2021-12-03 00:13:03', '2022-03-07 06:35:27'),
(3, 'BSED', 'Bachelor of Science Major in Education', 0, '2021-12-03 00:13:03', '2022-03-07 06:35:08'),
(4, 'BSCS', 'Bachelor of Science Major in Computer Science', 1, '2021-12-30 07:20:02', '2021-12-30 07:20:57'),
(5, 'BSCrim', 'Bachelor of Science Major in Criminology', 0, '2022-03-07 06:30:42', '2022-03-07 06:37:24');

-- --------------------------------------------------------

--
-- Table structure for table `dental_certificates`
--

CREATE TABLE `dental_certificates` (
  `dental_certificate_id` bigint(20) NOT NULL,
  `patient_id` bigint(20) DEFAULT NULL,
  `date_header` date DEFAULT NULL,
  `address` varchar(255) DEFAULT NULL,
  `sign_name` varchar(45) DEFAULT NULL,
  `sign_note` varchar(255) DEFAULT NULL,
  `comment_name` varchar(45) DEFAULT NULL,
  `comment_note` varchar(255) DEFAULT NULL,
  `date_given` date DEFAULT NULL,
  `is_deleted` int(11) DEFAULT 0,
  `created_at` timestamp NULL DEFAULT current_timestamp(),
  `updated_at` timestamp NULL DEFAULT current_timestamp() ON UPDATE current_timestamp()
) ENGINE=InnoDB DEFAULT CHARSET=utf8mb4;

--
-- Dumping data for table `dental_certificates`
--

INSERT INTO `dental_certificates` (`dental_certificate_id`, `patient_id`, `date_header`, `address`, `sign_name`, `sign_note`, `comment_name`, `comment_note`, `date_given`, `is_deleted`, `created_at`, `updated_at`) VALUES
(1, 1, '2021-12-07', 'test', 'sign3', 'test', 'comment3', 'test', '2021-12-16', 0, '2021-12-05 05:41:15', '2021-12-05 05:41:15');

-- --------------------------------------------------------

--
-- Table structure for table `first_aid_kits`
--

CREATE TABLE `first_aid_kits` (
  `first_aid_kit_id` bigint(20) NOT NULL,
  `name` varchar(100) DEFAULT NULL,
  `measurement` varchar(100) DEFAULT NULL,
  `quantity` decimal(15,2) DEFAULT NULL,
  `is_deleted` int(11) DEFAULT 0,
  `created_at` timestamp NULL DEFAULT current_timestamp(),
  `updated_at` timestamp NULL DEFAULT current_timestamp() ON UPDATE current_timestamp()
) ENGINE=InnoDB DEFAULT CHARSET=utf8mb4;

--
-- Dumping data for table `first_aid_kits`
--

INSERT INTO `first_aid_kits` (`first_aid_kit_id`, `name`, `measurement`, `quantity`, `is_deleted`, `created_at`, `updated_at`) VALUES
(1, 'test', 'test', '400.00', 0, '2021-12-05 06:03:19', '2021-12-05 12:50:08'),
(2, 'TEST', 'test', '10.00', 0, '2021-12-05 12:49:39', '2021-12-05 12:49:39');

-- --------------------------------------------------------

--
-- Table structure for table `hospitalization_history`
--

CREATE TABLE `hospitalization_history` (
  `hospitalization_history_id` bigint(20) NOT NULL,
  `medical_history_id` bigint(20) DEFAULT NULL,
  `patient_id` bigint(20) DEFAULT NULL,
  `year` varchar(50) DEFAULT NULL,
  `reason` text DEFAULT NULL,
  `hospital` text DEFAULT NULL,
  `is_deleted` int(11) DEFAULT 0,
  `created_at` timestamp NULL DEFAULT current_timestamp(),
  `updated_at` timestamp NULL DEFAULT current_timestamp() ON UPDATE current_timestamp()
) ENGINE=InnoDB DEFAULT CHARSET=utf8mb4;

--
-- Dumping data for table `hospitalization_history`
--

INSERT INTO `hospitalization_history` (`hospitalization_history_id`, `medical_history_id`, `patient_id`, `year`, `reason`, `hospital`, `is_deleted`, `created_at`, `updated_at`) VALUES
(1, 1, 2, 'test', 'test', 'test', 0, '2022-01-09 02:51:16', '2022-01-09 02:51:16'),
(2, 2, 4, 'test', 'test', 'test', 0, '2022-01-09 02:55:50', '2022-01-09 02:55:50'),
(3, 3, 1, '', '', '', 0, '2022-02-25 08:56:09', '2022-02-25 08:56:09'),
(4, 13, 370, '', '', '', 0, '2022-03-07 13:39:04', '2022-03-07 13:39:04'),
(5, 14, 372, '', '', '', 0, '2022-03-07 13:41:51', '2022-03-07 13:41:51'),
(6, 15, 333, '', '', '', 0, '2022-03-08 10:20:33', '2022-03-08 10:20:33'),
(7, 16, 336, '', '', '', 0, '2022-03-08 10:23:24', '2022-03-08 10:23:24'),
(8, 17, 351, '', '', '', 0, '2022-03-08 10:25:51', '2022-03-08 10:25:51'),
(9, 19, 381, '', '', '', 0, '2022-03-08 10:30:06', '2022-03-08 10:30:06'),
(10, 20, 385, '', '', '', 0, '2022-03-08 10:32:24', '2022-03-08 10:32:24'),
(11, 21, 387, '', '', '', 0, '2022-03-08 10:35:28', '2022-03-08 10:35:28'),
(12, 22, 389, '', '', '', 0, '2022-03-08 10:37:39', '2022-03-08 10:37:39'),
(13, 23, 391, '', '', '', 0, '2022-03-08 10:39:24', '2022-03-08 10:39:24'),
(14, 24, 402, '', '', '', 0, '2022-03-08 10:50:08', '2022-03-08 10:50:08'),
(15, 25, 393, '', '', '', 0, '2022-03-08 10:56:13', '2022-03-08 10:56:13'),
(16, 26, 395, '', '', '', 0, '2022-03-08 11:02:43', '2022-03-08 11:02:43'),
(17, 27, 397, '', '', '', 0, '2022-03-08 11:05:18', '2022-03-08 11:05:18'),
(18, 28, 399, '', '', '', 0, '2022-03-08 11:06:57', '2022-03-08 11:06:57'),
(19, 29, 401, '', '', '', 0, '2022-03-08 11:08:43', '2022-03-08 11:08:43'),
(20, 30, 403, '', '', '', 0, '2022-03-09 04:02:41', '2022-03-09 04:02:41'),
(21, 31, 341, '', '', '', 0, '2022-03-10 03:05:49', '2022-03-10 03:05:49'),
(22, 32, 438, '', '', '', 0, '2022-03-10 15:04:12', '2022-03-10 15:04:12');

-- --------------------------------------------------------

--
-- Table structure for table `measurements`
--

CREATE TABLE `measurements` (
  `measurement_id` bigint(20) NOT NULL,
  `abbreviation` varchar(45) DEFAULT NULL,
  `name` varchar(100) DEFAULT NULL,
  `is_deleted` int(11) DEFAULT 0,
  `created_at` timestamp NULL DEFAULT current_timestamp(),
  `updated_at` timestamp NULL DEFAULT current_timestamp() ON UPDATE current_timestamp()
) ENGINE=InnoDB DEFAULT CHARSET=utf8mb4;

--
-- Dumping data for table `measurements`
--

INSERT INTO `measurements` (`measurement_id`, `abbreviation`, `name`, `is_deleted`, `created_at`, `updated_at`) VALUES
(1, 'Kg', 'Kilogram', 1, '2021-12-03 05:28:29', '2021-12-30 07:15:16'),
(2, 'Mg', 'Miligram', 1, '2021-12-03 05:28:29', '2021-12-30 07:15:20'),
(3, 'Kg', 'Kilogram', 0, '2021-12-30 07:15:32', '2021-12-30 07:15:32'),
(4, 'mg', 'Milligram', 0, '2021-12-30 07:15:43', '2021-12-30 07:15:43'),
(5, 'inch', 'Inches', 0, '2021-12-30 07:15:53', '2021-12-30 07:16:06');

-- --------------------------------------------------------

--
-- Table structure for table `medical_history`
--

CREATE TABLE `medical_history` (
  `medical_history_id` bigint(20) NOT NULL,
  `patient_id` bigint(20) DEFAULT NULL,
  `marital_status` varchar(100) DEFAULT NULL,
  `referring_doctors` text DEFAULT NULL,
  `last_physical_exam` date DEFAULT NULL,
  `is_vaccinated` varchar(50) DEFAULT NULL,
  `covid_patient` varchar(50) DEFAULT NULL,
  `is_deleted` int(11) DEFAULT 0,
  `created_at` timestamp NULL DEFAULT current_timestamp(),
  `updated_at` timestamp NULL DEFAULT current_timestamp() ON UPDATE current_timestamp()
) ENGINE=InnoDB DEFAULT CHARSET=utf8mb4;

--
-- Dumping data for table `medical_history`
--

INSERT INTO `medical_history` (`medical_history_id`, `patient_id`, `marital_status`, `referring_doctors`, `last_physical_exam`, `is_vaccinated`, `covid_patient`, `is_deleted`, `created_at`, `updated_at`) VALUES
(1, 2, 'Single', 'test', '2022-02-02', 'Yes', 'Yes', 0, '2022-01-09 02:51:15', '2022-01-09 02:51:15'),
(2, 4, 'Single', 'test', '2022-01-06', 'Yes', 'Yes', 0, '2022-01-09 02:55:49', '2022-01-09 02:55:49'),
(3, 1, 'Single', 'test', '2022-02-23', 'Yes', 'Yes', 0, '2022-02-25 08:56:09', '2022-02-25 08:56:09'),
(4, 6, 'Single', 'N/A', '0000-00-00', 'Yes', 'Yes', 0, '2022-03-07 02:57:18', '2022-03-07 02:57:18'),
(5, 330, 'Single', '', '0000-00-00', 'Yes', 'Yes', 0, '2022-03-07 08:23:27', '2022-03-07 08:23:27'),
(6, 332, 'Single', '', '0000-00-00', 'Yes', 'Yes', 0, '2022-03-07 08:24:41', '2022-03-07 08:24:41'),
(7, 339, 'Single', '', '0000-00-00', 'Yes', 'Yes', 0, '2022-03-07 08:26:51', '2022-03-07 08:26:51'),
(8, 350, 'Single', '', '0000-00-00', 'Yes', 'Yes', 0, '2022-03-07 08:27:42', '2022-03-07 08:27:42'),
(9, 354, 'Single', '', '0000-00-00', 'Yes', 'Yes', 0, '2022-03-07 08:28:36', '2022-03-07 08:28:36'),
(10, 363, 'Single', '', '0000-00-00', 'Yes', 'Yes', 0, '2022-03-07 13:09:44', '2022-03-07 13:09:44'),
(11, 364, 'Single', '', '0000-00-00', 'Yes', 'Yes', 0, '2022-03-07 13:24:01', '2022-03-07 13:24:01'),
(12, 369, 'Single', '', '0000-00-00', 'Yes', 'Yes', 0, '2022-03-07 13:37:32', '2022-03-07 13:37:32'),
(13, 370, 'Single', '', '0000-00-00', 'Yes', 'Yes', 0, '2022-03-07 13:39:03', '2022-03-07 13:39:03'),
(14, 372, 'Single', '', '0000-00-00', 'Yes', 'Yes', 0, '2022-03-07 13:41:51', '2022-03-07 13:41:51'),
(15, 333, 'Single', 'n/a', '0000-00-00', 'Yes', 'Yes', 0, '2022-03-08 10:20:32', '2022-03-08 10:20:32'),
(16, 336, 'Single', 'n/a', '0000-00-00', 'Yes', 'Yes', 0, '2022-03-08 10:23:24', '2022-03-08 10:23:24'),
(17, 351, 'Single', '', '0000-00-00', 'Yes', 'Yes', 0, '2022-03-08 10:25:51', '2022-03-08 10:25:51'),
(18, 379, 'Single', '', '0000-00-00', 'Yes', 'Yes', 0, '2022-03-08 10:28:01', '2022-03-08 10:28:01'),
(19, 381, 'Single', '', '0000-00-00', 'Yes', 'Yes', 0, '2022-03-08 10:30:06', '2022-03-08 10:30:06'),
(20, 385, 'Single', '', '0000-00-00', 'Yes', 'Yes', 0, '2022-03-08 10:32:23', '2022-03-08 10:32:23'),
(21, 387, 'Single', '', '0000-00-00', 'Yes', 'Yes', 0, '2022-03-08 10:35:28', '2022-03-08 10:35:28'),
(22, 389, 'Single', '', '0000-00-00', 'Yes', 'Yes', 0, '2022-03-08 10:37:39', '2022-03-08 10:37:39'),
(23, 391, 'Single', '', '0000-00-00', 'Yes', 'Yes', 0, '2022-03-08 10:39:24', '2022-03-08 10:39:24'),
(24, 402, 'Single', '', '0000-00-00', 'Yes', 'Yes', 0, '2022-03-08 10:50:08', '2022-03-08 10:50:08'),
(25, 393, 'Single', '', '0000-00-00', 'Yes', 'Yes', 0, '2022-03-08 10:56:12', '2022-03-08 10:56:12'),
(26, 395, 'Single', '', '0000-00-00', 'Yes', 'Yes', 0, '2022-03-08 11:02:43', '2022-03-08 11:02:43'),
(27, 397, 'Single', '', '0000-00-00', 'Yes', 'Yes', 0, '2022-03-08 11:05:17', '2022-03-08 11:05:17'),
(28, 399, 'Single', '', '0000-00-00', 'Yes', 'Yes', 0, '2022-03-08 11:06:56', '2022-03-08 11:06:56'),
(29, 401, 'Single', '', '0000-00-00', 'Yes', 'Yes', 0, '2022-03-08 11:08:42', '2022-03-08 11:08:42'),
(30, 403, 'Single', '', '0000-00-00', 'Yes', 'Yes', 0, '2022-03-09 04:02:40', '2022-03-09 04:02:40'),
(31, 341, 'Single', '', '0000-00-00', 'Yes', 'Yes', 0, '2022-03-10 03:05:48', '2022-03-10 03:05:48'),
(32, 438, 'Single', '', '0000-00-00', 'Yes', 'Yes', 0, '2022-03-10 15:04:12', '2022-03-10 15:04:12');

-- --------------------------------------------------------

--
-- Table structure for table `medicines`
--

CREATE TABLE `medicines` (
  `medicine_id` bigint(20) NOT NULL,
  `name` varchar(100) DEFAULT NULL,
  `brand` varchar(100) DEFAULT NULL,
  `unit_id` bigint(20) DEFAULT NULL,
  `measurement_id` bigint(20) DEFAULT NULL,
  `category_id` bigint(20) DEFAULT NULL,
  `quantity` int(11) DEFAULT NULL,
  `reorder` int(11) DEFAULT NULL,
  `capacity` int(11) DEFAULT NULL,
  `is_deleted` int(11) DEFAULT 0,
  `created_at` timestamp NULL DEFAULT current_timestamp(),
  `updated_at` timestamp NULL DEFAULT current_timestamp() ON UPDATE current_timestamp()
) ENGINE=InnoDB DEFAULT CHARSET=utf8mb4;

--
-- Dumping data for table `medicines`
--

INSERT INTO `medicines` (`medicine_id`, `name`, `brand`, `unit_id`, `measurement_id`, `category_id`, `quantity`, `reorder`, `capacity`, `is_deleted`, `created_at`, `updated_at`) VALUES
(1, 'Biogesic', 'Paracetamol', 5, 4, 2, NULL, 10, 500, 0, '2022-01-01 13:50:42', '2022-03-07 03:31:06'),
(2, 'Neosep', 'Phenylephrine', 5, 4, 2, NULL, 10, 500, 0, '2022-01-01 13:50:56', '2022-03-07 03:30:43'),
(3, 'Buscupan', 'Hyoscine Butyl bromide', 5, 4, 2, NULL, 5, 300, 0, '2022-01-01 13:51:09', '2022-03-07 03:31:58'),
(4, 'Syndex Forte', 'Phenylpropanalamine', 5, 3, 2, NULL, 10, 1000, 0, '2022-01-01 13:51:25', '2022-03-07 03:32:46'),
(5, 'Mefinamic Acid', 'Ponstel', 5, 4, 2, NULL, 5, 500, 0, '2022-01-01 13:51:40', '2022-03-07 03:33:00'),
(6, 'test2', 'test', 1, 3, 2, NULL, NULL, NULL, 1, '2022-01-08 06:01:28', '2022-01-08 06:01:44'),
(7, 'Cetirizine', 'Zyrtex', 5, 4, 2, NULL, 5, 500, 0, '2022-03-07 03:27:57', '2022-03-07 03:33:13'),
(8, 'Solmux', 'Carbocisteine', 5, 4, 2, NULL, 5, 500, 0, '2022-03-07 03:34:34', '2022-03-07 03:34:34'),
(9, 'Ascorbic Acid', 'Vitamin C', 5, 4, 2, NULL, 5, 500, 0, '2022-03-07 03:35:58', '2022-03-07 03:35:58'),
(10, 'Salbutamol Nebule', 'Albuterol', 5, 4, 2, NULL, 5, 500, 0, '2022-03-07 03:37:19', '2022-03-07 03:37:19'),
(11, 'Salbutamol Tablet', 'Albuterol Sulfate Tablet', 5, 4, 2, NULL, 5, 500, 0, '2022-03-07 03:38:22', '2022-03-07 03:38:22'),
(12, 'Buscupan Venus', 'Hyoscine-N-Butylbromide', 5, 4, 2, NULL, 5, 500, 0, '2022-03-07 03:39:51', '2022-03-07 03:39:51'),
(13, 'Dequadine', '', 5, 4, 2, NULL, 5, 500, 0, '2022-03-07 03:41:27', '2022-03-07 03:41:27'),
(14, 'Polec Acid', 'Zyrtex', 5, 4, 2, NULL, 0, 500, 0, '2022-03-09 13:15:34', '2022-03-09 13:15:34');

-- --------------------------------------------------------

--
-- Table structure for table `medicine_transactions`
--

CREATE TABLE `medicine_transactions` (
  `medicine_transaction_id` bigint(20) NOT NULL,
  `check_up_id` bigint(20) DEFAULT NULL,
  `medicine_id` bigint(20) DEFAULT NULL,
  `stocks` decimal(15,2) DEFAULT NULL,
  `quantity` decimal(15,2) DEFAULT NULL,
  `remaining` decimal(15,2) DEFAULT NULL,
  `is_deleted` int(11) DEFAULT 0,
  `created_at` timestamp NULL DEFAULT current_timestamp(),
  `updated_at` timestamp NULL DEFAULT current_timestamp() ON UPDATE current_timestamp()
) ENGINE=InnoDB DEFAULT CHARSET=utf8mb4;

--
-- Dumping data for table `medicine_transactions`
--

INSERT INTO `medicine_transactions` (`medicine_transaction_id`, `check_up_id`, `medicine_id`, `stocks`, `quantity`, `remaining`, `is_deleted`, `created_at`, `updated_at`) VALUES
(1, 1, 1, '100.00', '50.00', '50.00', 0, '2021-12-05 05:39:20', '2021-12-05 05:39:20'),
(2, 1, 2, '850.00', '800.00', '50.00', 0, '2021-12-05 05:39:20', '2021-12-05 05:39:20');

-- --------------------------------------------------------

--
-- Table structure for table `messages`
--

CREATE TABLE `messages` (
  `message_id` bigint(20) NOT NULL,
  `is_admin` bigint(20) DEFAULT NULL,
  `patient_id` bigint(20) DEFAULT NULL,
  `message` longtext DEFAULT NULL,
  `is_read` int(11) DEFAULT 0,
  `is_deleted` int(11) DEFAULT 0,
  `created_at` timestamp NULL DEFAULT current_timestamp(),
  `updated_at` timestamp NULL DEFAULT current_timestamp() ON UPDATE current_timestamp()
) ENGINE=InnoDB DEFAULT CHARSET=utf8mb4;

--
-- Dumping data for table `messages`
--

INSERT INTO `messages` (`message_id`, `is_admin`, `patient_id`, `message`, `is_read`, `is_deleted`, `created_at`, `updated_at`) VALUES
(1, 0, 5, 'Goodevening Ma\'am', 1, 0, '2022-03-06 15:02:15', '2022-03-06 15:13:21'),
(2, 1, 5, 'Yes?', 1, 0, '2022-03-06 15:13:21', '2022-03-06 15:15:12'),
(3, 0, 5, 'Can I ask a question regarding to my appointment schedule?', 1, 0, '2022-03-06 15:15:12', '2022-03-09 12:57:00'),
(4, 1, 6, 'Good morning, please answer this survey.', 0, 0, '2022-03-07 03:08:36', '2022-03-07 03:08:36'),
(5, 1, 6, 'http://localhost/clinicmsv3/admin/survey/take?id=12', 0, 0, '2022-03-07 03:08:48', '2022-03-07 03:08:48'),
(6, 0, 326, 'Goodmorning', 1, 0, '2022-03-09 04:11:27', '2022-03-09 04:12:15'),
(7, 1, 326, 'yes', 1, 0, '2022-03-09 04:12:15', '2022-03-10 03:14:10'),
(8, 1, 5, '.', 0, 0, '2022-03-09 12:56:59', '2022-03-09 12:56:59'),
(9, 0, 477, 'Hi', 1, 0, '2022-03-09 13:36:57', '2022-04-02 05:28:23'),
(10, 0, 477, 'hi', 1, 0, '2022-03-09 13:37:37', '2022-04-02 05:28:23'),
(11, 0, 326, 'goodmorning', 1, 0, '2022-03-10 03:14:10', '2022-04-02 05:27:22'),
(12, 1, 5, 'Please see me tomorrow @9am', 0, 0, '2022-03-11 07:50:07', '2022-03-11 07:50:07'),
(13, 0, 2, 'hello', 1, 0, '2022-04-02 05:09:29', '2022-04-02 05:10:11'),
(14, 1, 2, 'test', 1, 0, '2022-04-02 05:10:11', '2022-04-02 05:14:14'),
(15, 0, 2, 'test', 1, 0, '2022-04-02 05:14:13', '2022-04-02 05:14:36'),
(16, 1, 2, 'test', 1, 0, '2022-04-02 05:14:35', '2022-04-02 05:28:36'),
(17, 1, 326, 'ok', 0, 0, '2022-04-02 05:27:22', '2022-04-02 05:27:22'),
(18, 1, 378, 'okay', 0, 0, '2022-04-02 05:27:55', '2022-04-02 05:27:55'),
(19, 1, 477, 'test', 0, 0, '2022-04-02 05:28:23', '2022-04-02 05:28:23'),
(20, 0, 2, '123', 0, 0, '2022-04-02 05:28:35', '2022-04-02 05:28:35');

-- --------------------------------------------------------

--
-- Table structure for table `monitoring_forms`
--

CREATE TABLE `monitoring_forms` (
  `monitoring_form_id` bigint(20) NOT NULL,
  `check_up_id` bigint(20) DEFAULT NULL,
  `patient_id` bigint(20) DEFAULT NULL,
  `status` int(11) DEFAULT NULL COMMENT '0 - Ongoing\n1 - Done\n2 - Cancelled',
  `created_at` timestamp NULL DEFAULT current_timestamp(),
  `updated_at` timestamp NULL DEFAULT current_timestamp() ON UPDATE current_timestamp()
) ENGINE=InnoDB DEFAULT CHARSET=utf8mb4;

--
-- Dumping data for table `monitoring_forms`
--

INSERT INTO `monitoring_forms` (`monitoring_form_id`, `check_up_id`, `patient_id`, `status`, `created_at`, `updated_at`) VALUES
(1, 16, 6, 1, '2022-03-07 02:59:22', '2022-03-07 13:16:39'),
(2, 40, 363, 1, '2022-03-07 13:10:10', '2022-04-02 03:07:01'),
(3, 65, 402, 1, '2022-03-08 10:50:56', '2022-04-02 03:08:26'),
(4, 106, 402, 1, '2022-03-09 01:17:24', '2022-03-09 01:32:42'),
(5, 107, 403, 1, '2022-03-09 04:03:04', '2022-04-02 04:32:19'),
(6, 108, 477, 0, '2022-03-09 13:29:14', '2022-04-02 03:58:52'),
(7, 109, 341, 0, '2022-03-10 03:06:05', '2022-04-02 03:58:52'),
(8, 112, 6, 0, '2022-03-11 06:29:12', '2022-04-02 03:58:52'),
(9, 114, 6, 1, '2022-03-11 06:43:16', '2022-04-02 03:58:29'),
(10, 117, 6, 1, '2022-03-11 07:22:22', '2022-03-11 08:17:20');

-- --------------------------------------------------------

--
-- Table structure for table `monitoring_form_items`
--

CREATE TABLE `monitoring_form_items` (
  `monitoring_form_item_id` bigint(20) NOT NULL,
  `monitoring_form_id` bigint(20) DEFAULT NULL,
  `patient_id` bigint(20) DEFAULT NULL,
  `date` date DEFAULT NULL,
  `time` time DEFAULT NULL,
  `temperature` varchar(45) DEFAULT NULL,
  `pulse_rate` varchar(45) DEFAULT NULL,
  `respiratory_rate` varchar(45) DEFAULT NULL,
  `blood_pressure` varchar(45) DEFAULT NULL,
  `random_blood_sugar` varchar(45) DEFAULT NULL,
  `referral` text DEFAULT NULL,
  `patient_case` text DEFAULT NULL,
  `activity` text DEFAULT NULL,
  `medicine_taken` text DEFAULT NULL,
  `status` int(11) DEFAULT NULL COMMENT '0 - Serious/Bad\n1 - Fair\n2 - Good',
  `is_deleted` int(11) DEFAULT 0,
  `created_at` timestamp NULL DEFAULT current_timestamp(),
  `updated_at` timestamp NULL DEFAULT current_timestamp() ON UPDATE current_timestamp()
) ENGINE=InnoDB DEFAULT CHARSET=utf8mb4;

--
-- Dumping data for table `monitoring_form_items`
--

INSERT INTO `monitoring_form_items` (`monitoring_form_item_id`, `monitoring_form_id`, `patient_id`, `date`, `time`, `temperature`, `pulse_rate`, `respiratory_rate`, `blood_pressure`, `random_blood_sugar`, `referral`, `patient_case`, `activity`, `medicine_taken`, `status`, `is_deleted`, `created_at`, `updated_at`) VALUES
(1, 1, 6, '2022-03-07', '12:00:00', NULL, NULL, NULL, NULL, NULL, NULL, 'High temperature', 'Monitoring his/her condition', 'neosep', 1, 0, '2022-03-07 03:55:06', '2022-03-07 03:55:06'),
(3, 1, 6, '2022-03-07', '21:15:00', NULL, NULL, NULL, NULL, NULL, NULL, 'Normal Temperature', 'Monitoring his/her condition', 'neosep', 2, 0, '2022-03-07 13:16:39', '2022-03-07 13:16:39'),
(6, 4, 402, '2022-03-09', '09:28:00', NULL, NULL, NULL, NULL, NULL, NULL, 'High temperature', 'Monitoring his/her condition', 'biogesic', 1, 0, '2022-03-09 01:18:49', '2022-03-09 01:28:38'),
(7, 4, 402, '2022-03-09', '09:32:00', NULL, NULL, NULL, NULL, NULL, NULL, 'High temperature', 'Monitoring his/her condition', 'biogesic', 2, 0, '2022-03-09 01:32:41', '2022-03-09 01:32:41'),
(9, 6, 477, '2022-03-09', '21:29:00', NULL, NULL, NULL, NULL, NULL, NULL, 'High temperature', 'Monitoring his/her condition', 'neosep', 1, 0, '2022-03-09 13:30:14', '2022-03-09 13:30:14'),
(10, 6, 477, '2022-03-09', '21:31:00', NULL, NULL, NULL, NULL, NULL, NULL, 'Normal Temperature', 'Monitoring his/her condition', 'neosep', 1, 0, '2022-03-09 13:32:26', '2022-03-09 13:32:26'),
(11, 6, 477, '2022-03-09', '21:33:00', NULL, NULL, NULL, NULL, NULL, NULL, 'Normal Temperature', 'Monitoring his/her condition', 'neosep', 2, 0, '2022-03-09 13:34:09', '2022-03-09 13:34:09'),
(12, 7, 341, '2022-03-10', '11:06:00', NULL, NULL, NULL, NULL, NULL, NULL, 'High temperature', 'Monitoring his/her condition', 'n/a', 2, 0, '2022-03-10 03:07:48', '2022-03-10 03:07:48'),
(13, 8, 6, '2022-03-11', '14:29:00', NULL, NULL, NULL, NULL, NULL, NULL, 'High temperature', 'Monitoring his/her condition', 'biogesic', 0, 0, '2022-03-11 06:30:22', '2022-03-11 06:30:22'),
(15, 8, 6, '2022-03-11', '14:48:00', NULL, NULL, NULL, NULL, NULL, NULL, 'Normal Temperature', 'check condition', 'n/a', 2, 0, '2022-03-11 06:49:23', '2022-03-11 06:49:23'),
(19, 2, 363, '2022-04-02', '10:00:00', NULL, NULL, NULL, NULL, NULL, NULL, 'test', 'test', 'test', 0, 0, '2022-04-02 03:07:01', '2022-04-02 03:07:01'),
(20, 2, 363, '2022-04-02', '12:00:00', NULL, NULL, NULL, NULL, NULL, NULL, 'test', 'test2', 'test2', 2, 0, '2022-04-02 03:07:01', '2022-04-02 03:07:01'),
(21, 3, 402, '2022-03-08', '18:52:00', NULL, NULL, NULL, NULL, NULL, NULL, 'High temperature', 'Monitoring his/her condition', 'biogesic', 0, 0, '2022-04-02 03:08:26', '2022-04-02 03:08:26'),
(22, 3, 402, '2022-03-08', '18:52:00', NULL, NULL, NULL, NULL, NULL, NULL, 'High temperature', 'Monitoring his/her condition', 'paracetamol', 1, 0, '2022-04-02 03:08:26', '2022-04-02 03:08:26'),
(23, 3, 402, '2022-04-02', '17:00:00', NULL, NULL, NULL, NULL, NULL, NULL, 'test', 'test', 'test', 2, 0, '2022-04-02 03:08:26', '2022-04-02 03:08:26'),
(39, 9, 6, '2022-03-11', '14:43:00', '10', '10', '10', '10', '10', '', NULL, 'Monitoring his/her condition', 'biogesic', 0, 0, '2022-04-02 03:58:29', '2022-04-02 03:58:29'),
(40, 9, 6, '2022-03-11', '15:26:00', '10', '10', '10', '10', '10', '', NULL, 'Monitoring his/her condition', 'biogesic', 0, 0, '2022-04-02 03:58:29', '2022-04-02 03:58:29'),
(41, 9, 6, '2022-03-11', '16:16:00', '10', '10', '10', '10', '10', '', NULL, 'ill take medicine', 'biogesic 500g', 1, 0, '2022-04-02 03:58:29', '2022-04-02 03:58:29'),
(42, 9, 6, '2022-04-02', '10:00:00', '10', '10', '10', '10', '10', '', NULL, 'ill take medicine', 'biogesic 500g', 0, 0, '2022-04-02 03:58:29', '2022-04-02 03:58:29'),
(43, 9, 6, '2022-04-02', '11:00:00', '10', '10', '10', '10', '10', '', NULL, 'test', 'test', 1, 0, '2022-04-02 03:58:29', '2022-04-02 03:58:29'),
(44, 9, 6, '2022-04-02', '12:00:00', '10', '10', '10', '10', '10', '', NULL, 'test', 'test', 2, 0, '2022-04-02 03:58:29', '2022-04-02 03:58:29'),
(50, 5, 403, '2022-03-09', '12:03:00', '12', '12', '12', '12', '12', '', NULL, 'Monitoring his/her condition', 'biogesic', 1, 0, '2022-04-02 04:32:19', '2022-04-02 04:32:19'),
(51, 5, 403, '2022-04-02', '10:00:00', '12', '12', '12', '12', '12', '', NULL, 'Test', 'biogesic', 0, 0, '2022-04-02 04:32:19', '2022-04-02 04:32:19'),
(52, 5, 403, '2022-04-02', '12:00:00', '12', '12', '12', '12', '12', '', NULL, '123', '123', 2, 0, '2022-04-02 04:32:19', '2022-04-02 04:32:19');

-- --------------------------------------------------------

--
-- Table structure for table `office_supply`
--

CREATE TABLE `office_supply` (
  `office_supply_id` bigint(20) NOT NULL,
  `name` varchar(100) DEFAULT NULL,
  `unit_id` bigint(20) DEFAULT NULL,
  `quantity` int(11) DEFAULT NULL,
  `reorder` int(11) DEFAULT NULL,
  `capacity` int(11) DEFAULT NULL,
  `is_deleted` int(11) DEFAULT 0,
  `created_at` timestamp NULL DEFAULT current_timestamp(),
  `updated_at` timestamp NULL DEFAULT current_timestamp() ON UPDATE current_timestamp()
) ENGINE=InnoDB DEFAULT CHARSET=utf8mb4;

--
-- Dumping data for table `office_supply`
--

INSERT INTO `office_supply` (`office_supply_id`, `name`, `unit_id`, `quantity`, `reorder`, `capacity`, `is_deleted`, `created_at`, `updated_at`) VALUES
(1, 'Coupon Bond A4', 1, NULL, NULL, NULL, 0, '2022-01-01 13:53:38', '2022-01-01 13:53:58'),
(2, 'Coupon Bond Long', 1, NULL, NULL, NULL, 0, '2022-01-01 13:53:52', '2022-01-01 13:53:52'),
(3, 'Floder Long', 1, NULL, NULL, NULL, 0, '2022-01-01 13:54:07', '2022-01-01 13:54:07'),
(4, 'Envelop Long', 1, NULL, NULL, NULL, 0, '2022-01-01 13:54:19', '2022-01-01 13:54:19');

-- --------------------------------------------------------

--
-- Table structure for table `patients`
--

CREATE TABLE `patients` (
  `patient_id` bigint(20) NOT NULL,
  `patient_code` varchar(45) DEFAULT NULL,
  `patient_type_id` bigint(20) DEFAULT NULL,
  `course_id` bigint(20) DEFAULT NULL,
  `year_id` bigint(20) DEFAULT NULL,
  `email` varchar(100) DEFAULT NULL,
  `password` varchar(100) DEFAULT NULL,
  `firstname` varchar(100) DEFAULT NULL,
  `middlename` varchar(100) DEFAULT NULL,
  `lastname` varchar(100) DEFAULT NULL,
  `suffix` varchar(45) DEFAULT NULL,
  `age` int(11) DEFAULT NULL,
  `gender` varchar(45) DEFAULT NULL,
  `section` varchar(45) DEFAULT NULL,
  `is_verified` int(11) DEFAULT 1,
  `is_deleted` int(11) DEFAULT 0,
  `created_at` timestamp NULL DEFAULT current_timestamp(),
  `updated_at` timestamp NULL DEFAULT current_timestamp() ON UPDATE current_timestamp()
) ENGINE=InnoDB DEFAULT CHARSET=utf8mb4;

--
-- Dumping data for table `patients`
--

INSERT INTO `patients` (`patient_id`, `patient_code`, `patient_type_id`, `course_id`, `year_id`, `email`, `password`, `firstname`, `middlename`, `lastname`, `suffix`, `age`, `gender`, `section`, `is_verified`, `is_deleted`, `created_at`, `updated_at`) VALUES
(1, '16-2423', 2, 1, 2, 'johndoe@gmail.com', 'johndoe', 'John', 'Verdadero', 'Mapagmahal', '', 28, 'Male', 'G', 1, 1, '2021-12-05 05:25:15', '2022-03-07 02:22:41'),
(2, '16-7500', 2, 1, 3, 'rjpinca@gmail.com', 'rjpinca', 'RJ', '', 'Pinca', '', 25, 'Male', '25G', 1, 0, '2022-01-08 09:12:36', '2022-01-08 09:12:36'),
(3, '98-1569', 1, 0, 0, 'milesestacio@gmail.com', 'milesestacio', 'Miles', '', 'Estacio', 'II', 40, 'Female', '', 1, 0, '2022-01-08 09:14:47', '2022-01-08 09:14:47'),
(4, '16-2426', 3, 0, 0, 'arvingil@gmail.com', 'arvingil', 'Arvin', '', 'Gil', '', 23, 'Male', '', 1, 0, '2022-01-08 09:26:58', '2022-01-08 09:26:58'),
(5, '18-0909', 2, 3, 0, 'cami@gmail.com', '1234', 'Cami', 'Macinas', 'Aquino', '', 22, 'Female', 'null', 1, 0, '2022-03-06 15:00:52', '2022-03-07 06:50:50'),
(6, '18-0877', 3, 0, 0, 'chael@gmail.com', '1234567', 'Chael Mhar', 'Romero', 'Amor', '', 22, 'Male', 'null', 1, 0, '2022-03-07 02:51:00', '2022-03-07 06:49:45'),
(326, '18-7708', 3, 0, 0, 'chael@gmail.com', '1234', 'Chael', 'M.', 'Romero', '', 21, 'Male', 'null', 1, 0, '2022-02-14 08:37:52', '2022-03-07 06:50:28'),
(327, '21-0238', 2, 1, 2, 'arcy@gmail.com', '1234', 'Princess Arcy', 'Camigla', 'Abad', '', 19, 'Female', 'A', 1, 0, '2022-03-07 06:16:59', '2022-03-07 06:16:59'),
(328, '21-0239', 2, 1, 3, 'Aly@gmail.com', '1234', 'Alyssa Mae ', 'Blanco', 'Adocal', '', 20, 'Female', 'A', 1, 0, '2022-03-07 06:24:24', '2022-03-07 06:24:24'),
(329, '21-1002', 2, 2, 6, 'rhona@gmail.com', '1234', 'Rhona', 'Mariano', 'Aga', '', 19, 'Female', 'A', 1, 0, '2022-03-07 06:47:42', '2022-03-07 06:47:42'),
(330, '21-1025', 2, 3, 10, 'ralph@gmail.com', '1234', 'Ralph', 'Borras', 'Aguenza', '', 22, 'Male', 'B', 1, 0, '2022-03-07 06:53:36', '2022-03-07 06:53:36'),
(331, '21-0241', 2, 3, 13, 'admin@gmail.com', '1234', 'Arjomel', 'Ursua', 'Aguilar', '', 22, 'Male', 'A', 1, 0, '2022-03-07 06:57:48', '2022-03-07 06:57:48'),
(332, '21-0242', 2, 5, 16, 'admin@gmail.com', '1', 'Justin', 'Dimayuga', 'Aguirre', '', 21, 'Male', 'A', 1, 0, '2022-03-07 06:59:58', '2022-03-07 06:59:58'),
(333, '21-0245', 2, 5, 15, 'admin@gmail.com', '12', 'Ian', 'Delloro', 'Albuero', '', 20, 'Male', 'B', 1, 0, '2022-03-07 07:01:35', '2022-03-07 07:01:35'),
(334, '21-0246', 2, 3, 10, '09388965317', '123', 'Joshua', 'Chica', 'Alejo', '', 19, 'Male', 'A', 1, 0, '2022-03-07 07:03:13', '2022-03-07 07:03:13'),
(335, '21-1019', 2, 2, 7, '09388965317', '12', 'Nereen', 'Buere', 'Alino', '', 20, 'Female', 'C', 1, 0, '2022-03-07 07:06:12', '2022-03-07 07:06:12'),
(336, '21-0247', 2, 1, 3, '09388965317', '12', 'Chris', 'Fronda', 'Alvarez', '', 20, 'Male', 'B', 1, 0, '2022-03-07 07:08:02', '2022-03-07 07:08:02'),
(337, '21-0248', 2, 3, 13, '09388965317', '12', 'Carla', 'Reil', 'Amado', '', 22, 'Female', 'A', 1, 0, '2022-03-07 07:09:51', '2022-03-07 07:09:51'),
(338, '21-0249', 2, 1, 5, '09388965317', '123', 'Rysha', 'Cristal', 'Andaya', '', 22, 'Female', 'B', 1, 0, '2022-03-07 07:11:10', '2022-03-07 07:11:10'),
(339, '21-0243', 2, 5, 15, 'eisel@gmail.com', '123', 'Eisel', 'Delos Santos', 'Antonio', '', 20, 'Female', 'C', 1, 0, '2022-03-07 07:13:17', '2022-03-07 07:13:17'),
(340, '21-0250', 2, 5, 16, 'roland@gmail.com', '123', 'Roland', 'Collantes', 'Antonio', '', 27, 'Male', 'B', 1, 0, '2022-03-07 07:15:13', '2022-03-07 07:15:13'),
(341, '21-0997', 2, 3, 11, '09388965317', '123', 'Kristina', 'Bernardino', 'Aragon', '', 20, 'Female', 'A', 1, 0, '2022-03-07 07:19:15', '2022-03-07 07:19:15'),
(342, '21-0251', 2, 3, 12, '09388965317', '123', 'Clarence', 'San Bueneventura', 'Asignado', '', 21, 'Male', 'B', 1, 0, '2022-03-07 07:24:41', '2022-03-07 07:24:41'),
(343, '21-2052', 2, 5, 15, '09388965317', '12', 'Evalyn', 'Torio', 'Asma', '', 20, 'Female', 'A', 1, 0, '2022-03-07 07:26:30', '2022-03-07 07:26:30'),
(344, '21-0253', 3, 0, 0, 'alma@gmail.com', '1234', 'Alma', 'Amparado', 'Aurellano', '', 25, 'Female', '', 1, 0, '2022-03-07 07:28:49', '2022-03-07 07:28:49'),
(345, '21-0254', 4, 0, 0, 'jayvee@gmail.com', '123', 'Jayvee', 'Mendoza', 'Babao', '', 27, 'Male', '', 1, 0, '2022-03-07 07:29:58', '2022-03-07 07:29:58'),
(346, '21-1055', 1, 0, 0, 'rafh@gmail.com', '123', 'Rafael', 'Romero', 'Balane', '', 29, 'Male', '', 1, 0, '2022-03-07 07:31:18', '2022-03-07 07:31:18'),
(347, '21-0255', 3, 0, 0, '09388965317', '123', 'Jaypee', 'Necolita', 'Banaria', '', 30, 'Male', '', 1, 0, '2022-03-07 07:32:46', '2022-03-07 07:32:46'),
(348, '21-0996', 2, 2, 8, '09388965317', '123', 'Lovely', 'Borja', 'Bandiola', '', 23, 'Female', 'A', 1, 0, '2022-03-07 07:34:13', '2022-03-07 07:34:13'),
(349, '21-0257', 3, 0, 0, 'baria@gmail.com', '123', 'Sunshine', 'Belando', 'Baria', '', 27, 'Female', '', 1, 0, '2022-03-07 07:36:02', '2022-03-07 07:36:02'),
(350, '21-1057', 1, 0, 0, 'admin@gmail.com', '123', 'Rojan ', 'Montalban', 'Batangoso', '', 29, 'Male', '', 1, 0, '2022-03-07 07:37:48', '2022-03-07 07:37:48'),
(351, '21-0258', 4, 0, 0, '09388965317', '1234', 'Baron', 'Dela Rosa', 'Bautista', '', 30, 'Male', '', 1, 0, '2022-03-07 07:39:35', '2022-03-07 07:39:35'),
(352, '21-1027', 1, 0, 0, 'lai@gmail.com', '123', 'Laira', 'Obligacion', 'Bautista', '', 29, 'Female', '', 1, 0, '2022-03-07 07:40:56', '2022-03-07 07:40:56'),
(353, '21-0259', 3, 0, 0, 'line@gmail.com', '123', 'Line Zeth', 'Francisco', 'Bazar', '', 28, 'Female', '', 1, 0, '2022-03-07 07:42:29', '2022-03-07 07:42:29'),
(354, '21-0260', 1, 0, 0, 'dan@gmail.com', '123', 'Daniela', 'Morillo', 'Belbes', '', 29, 'Female', '', 1, 0, '2022-03-07 07:44:31', '2022-03-07 07:44:31'),
(355, '21-1016', 2, 2, 9, '09388965317', '123', 'Florencio', 'Castillo', 'Bermejo', '', 22, 'Male', 'B', 1, 0, '2022-03-07 07:47:24', '2022-03-07 07:47:24'),
(356, '21-0262', 3, 0, 0, 'jeanson@gmail.com', '123', 'Jeanson', 'Abanto', 'Bein', '', 25, 'Male', '', 1, 0, '2022-03-07 07:49:41', '2022-03-07 07:49:41'),
(357, '21-0261', 2, 1, 2, '09388965317', '12', 'Jimwel', 'Abanto', 'Bien', '', 21, 'Male', 'E', 1, 0, '2022-03-07 07:51:33', '2022-03-07 07:51:33'),
(358, '21-0263', 2, 3, 11, 'admin@gmail.com', '11', 'Ma. Isabel', 'Espedio', 'Bobis', '', 20, 'Female', 'B', 1, 0, '2022-03-07 07:52:52', '2022-03-07 07:52:52'),
(359, '20-0541', 2, 1, 4, 'akiko@gmail.com', '11111', 'Akiko Diane', 'Bazar', 'De La Cruz', '', 24, 'Female', 'C', 1, 0, '2022-03-07 07:54:54', '2022-03-07 07:54:54'),
(360, '21-1156', 2, 2, 6, '09388965317', '222', 'Shernan Mark', 'Civico', 'Iglesia', '', 20, 'Male', 'C', 1, 0, '2022-03-07 07:57:42', '2022-03-07 07:57:42'),
(361, '21-1155', 2, 5, 16, 'johnette', '111', 'Johnette', 'Datu', 'Magdaong', '', 23, 'Female', 'B', 1, 0, '2022-03-07 08:00:04', '2022-03-07 08:00:04'),
(362, '10-0796', 1, 0, 0, '09388965317', '1234', 'Rizane', 'Balane', 'Robredo', '', 31, 'Female', '', 1, 0, '2022-03-07 08:01:22', '2022-03-07 08:01:22'),
(363, '21-0962', 2, 1, 5, '09388965317', '123', 'Kevin', '', 'Bobis', '', 22, 'Male', 'A', 1, 0, '2022-03-07 12:37:55', '2022-03-07 12:37:55'),
(364, '21-0264', 1, 0, 0, 'kim@gmail.com', '123', 'Kimberly', 'Magistrado', 'Bolado', '', 27, 'Female', '', 1, 0, '2022-03-07 12:39:52', '2022-03-07 12:39:52'),
(365, '21-0265', 1, 0, 0, ' nanette@gmail.com', '123', 'Nanette', 'Tandog', 'Boragay', '', 25, 'Female', '', 1, 0, '2022-03-07 12:43:23', '2022-03-07 12:43:23'),
(366, '21-0266', 1, 0, 0, 'fiona@gmail.com', '123', 'Fiona', 'Zaldua', 'Borras', '', 26, 'Female', '', 1, 0, '2022-03-07 12:45:42', '2022-03-07 12:45:42'),
(367, '21-0999', 1, 0, 0, 'chris@gmail.com', '123', 'Christine Mae', 'San Antonio', 'Brila', '', 25, 'Female', '', 1, 0, '2022-03-07 12:50:00', '2022-03-07 12:50:00'),
(368, '21-0267', 1, 0, 0, 'john@gmail.com', '123', 'John Lloyd', 'Sanchez', 'Bual', '', 24, 'Male', '', 1, 0, '2022-03-07 12:51:47', '2022-03-07 12:51:47'),
(369, '21-0269', 3, 0, 0, 'carl@gmail.com', '123', 'Carl', 'Talento', 'Buenconsejo', '', 25, 'Male', '', 1, 0, '2022-03-07 12:56:22', '2022-03-07 12:56:22'),
(370, '21-0270', 3, 0, 0, 'debbie@gmail.com', '123', 'Debbie', 'Estanislao', 'Bunao', '', 26, 'Female', '', 1, 0, '2022-03-07 13:01:35', '2022-03-07 13:01:35'),
(371, '21-0271', 3, 0, 0, 'abbie@gmail.com', '123', 'Abbie', 'Jill', 'Caceres', '', 25, 'Female', '', 1, 0, '2022-03-07 13:06:30', '2022-03-07 13:06:30'),
(372, '21-0272', 3, 0, 0, 'marlon@gmail.com', '123', 'Marlon', 'Salomon', 'Caisip', '', 25, 'Male', '', 1, 0, '2022-03-07 13:21:04', '2022-03-07 13:21:04'),
(373, '21-0273', 4, 0, 0, 'donna@gmail.com', '123', 'Donna', 'Mengorio', 'Calayo', '', 26, 'Female', '', 1, 0, '2022-03-08 00:40:32', '2022-03-08 00:40:32'),
(374, '15-1087', 4, 0, 0, 'carl@gmail.com', '123', 'Carlo Adrew', 'Cortez', 'Calleja', '', 25, 'Male', '', 1, 0, '2022-03-08 00:42:13', '2022-03-08 00:42:13'),
(375, '21-0274', 2, 3, 11, '09388965317', '123', 'Vanessa', 'Celis', 'Canar', '', 21, 'Female', 'A', 1, 0, '2022-03-08 01:10:04', '2022-03-08 01:10:04'),
(376, '21-0963', 1, 0, 0, 'dindo@gmail.com', '123', 'Dindo', 'De Casa', 'Caparino', '', 26, 'Male', '', 1, 0, '2022-03-08 01:11:29', '2022-03-08 01:11:29'),
(377, '21-1028', 3, 0, 0, 'john@gmail.com', '123', 'John', 'Jabez', 'Capistrano', '', 27, 'Male', '', 1, 0, '2022-03-08 01:12:47', '2022-03-08 01:12:47'),
(378, '21-0275', 4, 0, 0, 'mitch@gmail.com', '123', 'Michelle', 'Villasenior', 'Carullo', '', 28, 'Female', '', 1, 0, '2022-03-08 01:14:10', '2022-03-08 01:14:10'),
(379, '21-0276', 1, 0, 0, 'shie@gmail.com', '123', 'Sherlyn', 'Pineda', 'Cea', '', 26, 'Female', '', 1, 0, '2022-03-08 01:15:22', '2022-03-08 01:15:22'),
(380, '21-0277', 2, 5, 15, 'admin@gmail.com', '1234', 'Jerome', 'Santos', 'Ceballos', '', 21, 'Male', 'B', 1, 0, '2022-03-08 01:18:31', '2022-03-08 01:18:31'),
(381, '21-0278', 3, 0, 0, 'rea@gmail.com', '123', 'Rea', 'Lumabao', 'Chavez', '', 25, 'Female', '', 1, 0, '2022-03-08 01:21:30', '2022-03-08 01:21:30'),
(382, '12-0720', 4, 0, 0, 'denice@gmail.com', '123', 'Denice', 'Eva', 'Coralde', '', 26, 'Female', '', 1, 0, '2022-03-08 01:23:19', '2022-03-08 01:23:19'),
(383, '21-0279', 1, 0, 0, 'arabella@gmail.com', '123', 'Arabella', 'Matias', 'Cordero', '', 28, 'Female', '', 1, 0, '2022-03-08 01:24:19', '2022-03-08 01:24:19'),
(384, '21-1006', 2, 1, 3, 'diana', '123', 'Diana', 'Olili', 'Dawal', '', 20, 'Female', 'A', 1, 0, '2022-03-08 01:25:50', '2022-03-08 01:25:50'),
(385, '21-1005', 3, 0, 0, 'danica@gmail.com', '123', 'Danica', 'De Hita', 'Deal Cruz', '', 26, 'Female', '', 1, 0, '2022-03-08 01:27:37', '2022-03-08 01:27:37'),
(386, '21-0280', 3, 0, 0, 'sam@gmail.com', '123', 'Samantha', 'Flores', 'Deal Cruz', '', 29, 'Female', '', 1, 0, '2022-03-08 01:46:53', '2022-03-08 01:46:53'),
(387, '21-0281', 4, 0, 0, 'jonel@gmail.com', '123', 'Jonel', 'Pante', 'Delfin', '', 30, 'Male', '', 1, 0, '2022-03-08 01:47:50', '2022-03-08 01:47:50'),
(388, '21-0282', 2, 1, 2, 'noeme@gmail.com', '1111', 'Noeme', 'Cori', 'Delos Santos', '', 20, 'Female', 'E', 1, 0, '2022-03-08 06:29:17', '2022-03-08 06:29:17'),
(389, '21-0283', 3, 0, 0, 'orly@gmail.com', '111', 'Orly', 'Racadag', 'Demesa', '', 28, 'Male', '', 1, 0, '2022-03-08 06:30:18', '2022-03-08 06:30:18'),
(390, '21-0284', 4, 0, 0, 'mark@gmail.com', '123', 'Mark Jaeerl', 'Albia', 'Diestro', '', 26, 'Male', '', 1, 0, '2022-03-08 06:32:04', '2022-03-08 06:32:04'),
(391, '21-0285', 1, 0, 0, 'jollyan@gmail.com', '123', 'Jollyann', 'Bon', 'Doblon', '', 25, 'Female', '', 1, 0, '2022-03-08 06:33:21', '2022-03-08 06:33:21'),
(392, '21-1014', 2, 2, 6, 'rica@gmail.com', '123', 'Rica', 'Magallon', 'Domino', '', 19, 'Female', 'C', 1, 0, '2022-03-08 06:34:26', '2022-03-08 06:34:26'),
(393, '17-0089', 3, 0, 0, 'mae@gmail.com', '1', 'Mae Ann ', 'Arcilla', 'Eborde', '', 29, 'Female', '', 1, 0, '2022-03-08 06:35:41', '2022-03-08 06:35:41'),
(394, '21-0286', 4, 0, 0, 'altea@gmail.com', '1', 'Althea', 'Columbus', 'Ecalner', '', 30, 'Female', '', 1, 0, '2022-03-08 06:37:15', '2022-03-08 06:37:15'),
(395, '21-0287', 1, 0, 0, 'clemente@gmail.com', '2', 'Clemente', 'Ole', 'Ellano', '', 29, 'Male', '', 1, 0, '2022-03-08 06:38:31', '2022-03-08 06:38:31'),
(396, '21-0288', 2, 1, 4, 'ivy@gmail.com', '123', 'Ivy Michelle', 'Monzon', 'Espiritu', '', 21, 'Female', 'A', 1, 0, '2022-03-08 06:39:47', '2022-03-08 06:39:47'),
(397, '21-0289', 3, 0, 0, 'bianca@gmail.com', '111111111121', 'Bianca', 'Dela Cruz', 'Estores', '', 27, 'Female', '', 1, 0, '2022-03-08 06:41:03', '2022-03-08 06:41:03'),
(398, '21-0290', 4, 0, 0, 'gina@gmail.com', '1333', 'Gina', 'Pajares', 'Fernandez', '', 32, 'Female', '', 1, 0, '2022-03-08 06:42:26', '2022-03-08 06:42:26'),
(399, '21-0292', 1, 0, 0, '09388965317', 'wer', 'Reysel', 'Adan', 'Floresca', '', 35, 'Female', '', 1, 0, '2022-03-08 06:43:39', '2022-03-08 06:43:39'),
(400, '21-0293', 2, 2, 9, 'tricia@gmail.com', 'sffgse', 'Tricia', 'Toplano', 'Francisco', '', 22, 'Female', 'A', 1, 0, '2022-03-08 06:44:59', '2022-03-08 06:44:59'),
(401, '15-1234', 4, 0, 0, 'ricardo@gmail.com', 'saffseaf', 'Ricardo', 'Tolentino', 'Saus', '', 36, 'Male', '', 1, 0, '2022-03-08 06:46:32', '2022-03-08 06:46:32'),
(402, NULL, 2, 1, NULL, 'kaycee.aquino.56@gmail.com', '1234', 'kathleen cami', 'M.', 'Aquino', '', 22, 'Female', NULL, 1, 0, '2022-03-08 10:42:18', '2022-03-08 10:42:18'),
(403, '18-0328', 3, 0, 0, '09388965317', '123', 'Shane', 'Mendez', 'Barayuga', '', 27, 'Female', '', 1, 0, '2022-03-09 04:00:21', '2022-03-09 04:00:21'),
(404, '20-0779', 1, 0, 0, 'joane@gmail.com', '123', 'Joane', 'S.', 'Alapide', '', 29, 'Female', '', 1, 0, '2022-03-09 07:01:07', '2022-03-09 07:01:07'),
(405, '21-1015', 1, 0, 0, 'rezel@gmail.com', '1234', 'Rezel', 'D.', 'Fresco', '', 28, 'Female', '', 1, 0, '2022-03-09 07:04:42', '2022-03-09 07:04:42'),
(406, '13-1421', 1, 0, 0, 'mae@gmail.com', '123', 'Mae Joy', 'B.', 'Frias', '', 29, 'Female', '', 1, 0, '2022-03-09 07:05:48', '2022-03-09 07:05:48'),
(407, '21-0294', 1, 0, 0, 'jan@gmail.com', '123', 'Jan Carlos', 'A.', 'Garcia', '', 30, 'Male', '', 1, 0, '2022-03-09 07:15:18', '2022-03-09 07:15:18'),
(408, '21-0295', 1, 0, 0, 'mickey@gmail.com', '123', 'Mickey Nicole', 'P', 'Genova', '', 32, 'Male', '', 1, 0, '2022-03-09 07:16:34', '2022-03-09 07:16:34'),
(409, '21-0296', 1, 0, 0, 'angela@gmail.com', '123', 'Angela Mae', 'M.', 'Geronimo', '', 30, 'Female', '', 1, 0, '2022-03-09 09:08:04', '2022-03-09 09:08:04'),
(410, '21-0297', 1, 0, 0, 'sarahjane@gmail.com', '123', 'Sarah Jane', 'G.', 'Gonzales', '', 24, 'Female', '', 1, 0, '2022-03-09 09:09:41', '2022-03-09 09:09:41'),
(411, '21-0298', 1, 0, 0, 'aileen@gmail.com', '1212', 'Aileen', 'B.', 'Gravito', '', 24, 'Female', '', 1, 0, '2022-03-09 09:10:44', '2022-03-09 09:10:44'),
(412, '21-0299', 1, 0, 0, 'gerardo@gmail.com', '1234', 'Gerardo', 'C.', 'Guerrero', '', 34, 'Male', '', 1, 0, '2022-03-09 09:11:57', '2022-03-09 09:11:57'),
(413, '21-1023', 1, 0, 0, 'marion@gmail.com', '1234', 'Marion', 'F.', 'Guevarra', '', 26, 'Male', '', 1, 0, '2022-03-09 09:13:05', '2022-03-09 09:13:05'),
(414, '21-0300', 1, 0, 0, 'tricia@gmail.com', '1234', 'Tricia mae', 'E.', 'Impelis', '', 30, 'Female', '', 1, 0, '2022-03-09 09:14:24', '2022-03-09 09:14:24'),
(415, '21-1013', 1, 0, 0, 'glysa@gmail.com', '1234', 'Glysa ', 'G.', 'Jimeno', '', 25, 'Female', '', 1, 0, '2022-03-09 09:15:33', '2022-03-09 09:15:33'),
(416, '21-0301', 1, 0, 0, 'joy@gmail.com', '123', 'Fhrinces joy', 'J.', 'Lalogo', '', 29, 'Female', '', 1, 0, '2022-03-09 09:16:50', '2022-03-09 09:16:50'),
(417, '21-1011', 1, 0, 0, 'lyia@gmail.com', '12334', 'Lyia', 'M.', 'Lamado', '', 27, 'Female', '', 1, 0, '2022-03-09 09:17:56', '2022-03-09 09:17:56'),
(418, '21-1004', 1, 0, 0, 'jerico@gmail.com', '1234', 'Jericho', 'B.', 'Lara', '', 28, 'Male', '', 1, 0, '2022-03-09 09:19:52', '2022-03-09 09:19:52'),
(419, '21-0302', 1, 0, 0, 'jovi@gmail.com', '1234', 'Jovi Ann', 'B.', 'Latonero', '', 28, 'Female', '', 1, 0, '2022-03-09 09:21:04', '2022-03-09 09:21:04'),
(420, '21-0303', 1, 0, 0, 'emmelyn@gmail.com', '123', 'Emme Lynn', 'M.', 'Lequin', '', 25, 'Female', '', 1, 0, '2022-03-09 09:22:12', '2022-03-09 09:22:12'),
(421, '21-0304', 1, 0, 0, 'joshua@gmail.com', '1234', 'Joshua', 'A.', 'Lerin', '', 24, 'Male', '', 1, 0, '2022-03-09 09:23:09', '2022-03-09 09:23:09'),
(422, '12-0305', 1, 0, 0, 'mabel@gmail.com', '1234', 'Mabel', 'L.', 'Lerio', '', 27, 'Female', '', 1, 0, '2022-03-09 09:24:15', '2022-03-09 09:24:15'),
(423, '21-0306', 1, 0, 0, 'ailynjoy@gmail.com', '123', 'Ailyn Joy', 'N.', 'Llanera', '', 26, 'Female', '', 1, 0, '2022-03-09 09:25:25', '2022-03-09 09:25:25'),
(424, '21-1022', 1, 0, 0, 'justine@gmail.com', '123', 'Justine Kieth', 'S.', 'Llaneta', '', 24, 'Male', '', 1, 0, '2022-03-09 09:26:36', '2022-03-09 09:26:36'),
(425, '21-0307', 1, 0, 0, 'joana@gmail.com', '123', 'Joana Rose', 'H.', 'Lofrondado', '', 28, 'Female', '', 1, 0, '2022-03-09 09:27:52', '2022-03-09 09:27:52'),
(426, '21-0309', 1, 0, 0, 'aira@gmail.com', '123', 'Aira', 'A.', 'Lopera', '', 29, 'Female', '', 1, 0, '2022-03-09 09:28:49', '2022-03-09 09:28:49'),
(427, '21-0308', 1, 0, 0, 'mark@gmail.com', '1234', 'Mark Louigie', 'P.', 'Lopera', '', 29, 'Male', '', 1, 0, '2022-03-09 09:29:53', '2022-03-09 09:29:53'),
(428, '21-0310', 1, 0, 0, 'lemuel@gmail.com', '1233', 'Lemuel Neil', 'C.', 'Lumacad', '', 27, 'Male', '', 1, 0, '2022-03-09 09:31:18', '2022-03-09 09:31:18'),
(429, '21-1009', 1, 0, 0, 'juverly@gmail.com', '123', 'Juverlyn', 'B.', 'Magalona', '', 26, 'Female', '', 1, 0, '2022-03-09 09:32:26', '2022-03-09 09:32:26'),
(430, '21-0312', 1, 0, 0, 'jeremie@gmail.com', '123', 'Jeremie', 'V.', 'Magistrado', '', 25, 'Male', '', 1, 0, '2022-03-09 09:33:24', '2022-03-09 09:33:24'),
(431, '21-0313', 3, 0, 0, 'Dan@gmail.com', '1233', 'Dan Martin', 'O.', 'Magno', '', 24, 'Male', '', 1, 0, '2022-03-09 09:34:18', '2022-03-09 09:34:18'),
(432, '21-0314', 1, 0, 0, 'Paul@gmail.com', '1234', 'Paul Lester', 'N.', 'Malana', '', 26, 'Male', '', 1, 0, '2022-03-09 09:35:18', '2022-03-09 09:35:18'),
(433, '21-0998', 1, 0, 0, 'rinavic@gmail.com', '123', 'Rinavic', 'T.', 'Mallapre', '', 25, 'Male', '', 1, 0, '2022-03-09 09:36:23', '2022-03-09 09:36:23'),
(434, '21-0315', 1, 0, 0, 'gesel@gmail.com', '123', 'Gesel', 'S.', 'Mallapre', '', 24, 'Female', '', 1, 0, '2022-03-09 09:37:43', '2022-03-09 09:37:43'),
(435, '21-1024', 1, 0, 0, 'kristine@gmail.com', '1234', 'Kristine Mae', 'M.', 'Malto', '', 28, 'Female', '', 1, 0, '2022-03-09 09:38:48', '2022-03-09 09:38:48'),
(436, '21-0316', 1, 0, 0, 'cynthia@gmail.com', '1234', 'Cynthia', 'G.', 'Mancera', '', 29, 'Female', '', 1, 0, '2022-03-09 09:39:40', '2022-03-09 09:39:40'),
(437, '21-0317', 1, 0, 0, 'babyjane@gmail.com', '1234', 'Baby Jane ', 'N.', 'Manimtim', '', 29, 'Female', '', 1, 0, '2022-03-09 09:40:48', '2022-03-09 09:40:48'),
(438, '21-0318', 1, 0, 0, 'joan@gmail.com', '123', 'Joan', 'J.', 'Manoles', '', 28, 'Female', '', 1, 0, '2022-03-09 09:41:43', '2022-03-09 09:41:43'),
(439, '21-0319', 1, 0, 0, 'gerald@gmail.com', '1234', 'Gerald', 'L.', 'Manzanero', '', 29, 'Male', '', 1, 0, '2022-03-09 09:45:03', '2022-03-09 09:45:03'),
(440, '21-0320', 1, 0, 0, 'red@gmail.com', '1234', 'Red', 'L.', 'Marasigan', '', 26, 'Male', '', 1, 0, '2022-03-09 09:47:53', '2022-03-09 09:47:53'),
(441, '21-0321', 1, 0, 0, 'christopher@gmail.com', '123', 'Christopher', 'C.', 'Marinas', '', 27, 'Male', '', 1, 0, '2022-03-09 09:48:50', '2022-03-09 09:48:50'),
(442, '20-0898', 2, 1, 2, 'AberiaAllan@gmail.com', 'allan', 'Allan Kristoffer ', 'F.', 'Aberia', '', 23, 'Male', 'A', 1, 0, '2022-03-09 10:41:18', '2022-03-09 10:41:18'),
(443, '21-0322', 2, 1, 2, 'matocdo@gmail.co', 'matocdo', 'Mia Francine', 'G.', 'Matocdo', '', 23, 'Male', 'B', 1, 0, '2022-03-09 10:43:09', '2022-03-09 10:43:09'),
(444, '21-1012', 2, 2, 7, 'Melanes@gmail.com', 'melanes', 'Jomar', 'B.', 'Melanes', '', 22, 'Male', 'B', 1, 0, '2022-03-09 10:44:47', '2022-03-09 10:44:47'),
(445, '21-0323', 2, 2, 8, 'mercado@gmail.com', 'mercado', 'Russell', 'B.', 'Mercado', '', 23, 'Male', 'C', 1, 0, '2022-03-09 10:46:23', '2022-03-09 10:46:23'),
(446, '21-0324', 2, 1, 2, 'Milanay@gmail.com', 'milanay', 'John Lloyd', 'C.', 'Milanay', '', 22, 'Male', 'A', 1, 0, '2022-03-09 10:47:59', '2022-03-09 10:47:59'),
(447, '21-0325', 2, 1, 2, 'miradona@gmail.com', 'miradona', 'Mae', 'B.', 'Mirabona', '', 22, 'Female', 'A', 1, 0, '2022-03-09 10:49:57', '2022-03-09 10:49:57'),
(448, '21-0326', 2, 1, 2, 'mirate@gmail.com', 'mirate', 'Ma.Ella', 'S.', 'Mirate', '', 22, 'Female', 'A', 1, 0, '2022-03-09 10:51:40', '2022-03-09 10:51:40'),
(449, '21-0327', 3, 0, 0, 'molenilla@gmail.com', 'molenilla', 'Jude Michael', 'L.', 'Molenilla', '', 22, 'Male', '', 1, 0, '2022-03-09 10:53:31', '2022-03-09 10:53:31'),
(450, '21-0328', 4, 0, 0, 'Mongas@gmail.com', 'mongas', 'Mark Antony', 'N.', 'Mongas', '', 24, 'Male', '', 1, 0, '2022-03-09 10:55:57', '2022-03-09 10:55:57'),
(451, '21-0330', 2, 2, 6, 'moral@gmail.com', 'moral', 'Princess Abegail', 'S.', 'Moral', '', 23, 'Female', 'A', 1, 0, '2022-03-09 11:00:33', '2022-03-09 11:00:33'),
(452, '21-0331', 3, 0, 0, 'mulleda@gmail.com', 'mulleda', 'Darren', 'P.', 'Mulleda', '', 24, 'Male', '', 1, 0, '2022-03-09 11:05:04', '2022-03-09 11:05:04'),
(453, '21-0332', 4, 0, 0, 'Muneza@gmail.com', 'muneza', 'Justine', 'D.', 'Muneza', '', 26, 'Male', '', 1, 0, '2022-03-09 11:07:29', '2022-03-09 11:07:29'),
(454, '21-1001', 3, 0, 0, 'naval@gamil.com', 'naval', 'Joshua', 'P.', 'Naval', '', 25, 'Male', '', 1, 0, '2022-03-09 11:09:02', '2022-03-09 11:09:02'),
(455, '21-0333', 4, 0, 0, 'naya@gmail.com', 'naya', 'Gabrielle', 'C.', 'Naya', '', 25, 'Female', '', 1, 0, '2022-03-09 11:10:55', '2022-03-09 11:10:55'),
(456, '21-1000', 3, 0, 0, 'nieva23@gmail.com', 'Nieva', 'Andrea', 'C.', 'Nieva', '', 27, 'Female', '', 1, 0, '2022-03-09 11:12:59', '2022-03-09 11:12:59'),
(457, '21-0178', 3, 0, 0, 'Nollado@gmail.com', 'nollado', 'Nicolle Angela', 'B.', 'Nolloda', '', 23, 'Female', '', 1, 0, '2022-03-09 11:14:47', '2022-03-09 11:14:47'),
(458, '21-0334', 2, 1, 2, 'noveno@gmail.com', 'noveno', 'Chritian ', 'A.', 'Noveno', '', 28, 'Male', 'A', 1, 0, '2022-03-09 11:16:15', '2022-03-09 11:16:15'),
(459, '21-0335', 2, 1, 4, 'obal@gmail.com', 'obal', 'Marlyn', 'M.', 'Obal', '', 23, 'Female', 'B', 1, 0, '2022-03-09 11:17:46', '2022-03-09 11:17:46'),
(460, '21-0336', 2, 1, 3, 'obispol@gmail.com', 'obispo', 'Marianne', 'N.', 'Obispo', '', 23, 'Female', 'B', 1, 0, '2022-03-09 11:19:11', '2022-03-09 11:19:11'),
(461, '21-1008', 2, 1, 2, 'edrick@gmail.com', 'edrick', 'Edrick', 'O.', 'Ocmer', '', 23, 'Male', 'A', 1, 0, '2022-03-09 11:20:28', '2022-03-09 11:20:28'),
(462, '21-0337', 3, 0, 0, 'ocmer@gmail.com', 'ocmer', 'Jairus ', 'P.', 'Ocmer', '', 27, 'Male', '', 1, 0, '2022-03-09 11:21:56', '2022-03-09 11:21:56'),
(463, '21-0338', 4, 0, 0, 'ogremina@gmail.com', 'faith', 'Jamaica Faith', 'A.', 'Ogremina', '', 26, 'Female', '', 1, 0, '2022-03-09 11:23:44', '2022-03-09 11:23:44'),
(464, '21-1010', 4, 0, 0, 'olanol@gmail.com', 'olano', 'Diana Mae', 'M.', 'Olano', '', 24, 'Female', '', 1, 0, '2022-03-09 11:24:45', '2022-03-09 11:24:45'),
(465, '21-0340', 3, 0, 0, 'ona@gmail.com', 'Emmanuel', 'Emmanuel', 'A.', 'Ona', '', 26, 'Male', '', 1, 0, '2022-03-09 11:26:11', '2022-03-09 11:26:11'),
(466, '21-0339', 3, 0, 0, 'Olarte@gmail.com', 'olarte', 'Ma.Antonette', 'P.', 'Olarte', '', 25, 'Female', '', 1, 0, '2022-03-09 11:27:38', '2022-03-09 11:27:38'),
(467, '21-0342', 4, 0, 0, 'orino@gmail.com', 'orino', 'April Jane', 'S.', 'Orino', '', 24, 'Female', '', 1, 0, '2022-03-09 11:29:37', '2022-03-09 11:29:37'),
(468, '21-0343', 3, 0, 0, 'orlando@gmail.com', 'charles', 'Charles', 'P.', 'Orlando', 'Jr.', 28, 'Male', '', 1, 0, '2022-03-09 11:31:15', '2022-03-09 11:31:15'),
(469, '21-0344', 4, 0, 0, 'orpia@gmail.com', 'lady', 'Lady Ann', 'A.', 'Orpia', '', 25, 'Female', '', 1, 0, '2022-03-09 11:32:51', '2022-03-09 11:32:51'),
(470, '21-0345', 4, 0, 0, 'paglinawan@gmail.com', 'axljhon', 'Axl John', 'E.', 'Paglinawan', '', 25, 'Male', '', 1, 0, '2022-03-09 11:34:49', '2022-03-09 11:34:49'),
(471, '12-1020', 2, 1, 4, 'paglinawan@gmail.com', 'enchie', 'Enchie', 'R.', 'Paglinawan', '', 25, 'Male', 'A', 1, 0, '2022-03-09 11:36:03', '2022-03-09 11:36:03'),
(472, '21-0346', 3, 0, 0, 'pelomeo@gmail.com', 'karryll', 'Karryll Mae', 'L.', 'Pelomeo', '', 26, 'Female', '', 1, 0, '2022-03-09 11:38:06', '2022-03-09 11:38:06'),
(473, '21-0348', 2, 1, 3, 'Angeline@gmail.com', '1234', 'Angeline', 'T.', 'Penaredondo', '', 24, 'Female', 'B', 1, 0, '2022-03-09 11:39:42', '2022-03-09 11:39:42'),
(474, '21-0349', 4, 0, 0, 'ponado@gmail.com', 'erica', 'Sharlene Erica', 'T.', 'Ponado', '', 26, 'Female', '', 1, 0, '2022-03-09 11:41:34', '2022-03-09 11:41:34'),
(475, '21-0351', 3, 0, 0, 'ponteriz@gmail.com', 'anie', 'Anie', 'B.', 'Ponteriz', '', 25, 'Female', '', 1, 0, '2022-03-09 11:42:56', '2022-03-09 11:42:56'),
(476, '21-0369', 4, 0, 0, 'maribel@gmail.com', 'soreta', 'Maribel', 'P.', 'Soreta', '', 25, 'Female', '', 1, 0, '2022-03-09 11:45:54', '2022-03-09 11:45:54'),
(477, '14-0679', 2, 1, 5, 'LykaSanBuenaventura@gmail.com', 'Lyka30', 'Lyka', 'Reducio', 'San Buenaventura', '', 23, 'Female', 'B', 1, 0, '2022-03-09 13:26:28', '2022-03-09 13:26:28'),
(478, '21-1802', 2, 1, 2, 'admin@gmail.com', 'admin', 'Danikka Joy ', 'M.', 'Aquino', '', 19, 'Female', 'B', 1, 0, '2022-03-11 07:00:14', '2022-03-11 07:00:14'),
(479, '12-3210', 2, 1, 2, 'johndoe@gmail.com', 'Test1234', 'Rj', '', 'Pinca', '', 21, 'Male', '12', 1, 0, '2022-04-02 06:03:57', '2022-04-02 06:03:57'),
(480, '23-2130', 1, 0, 0, 'test@gmail.com', 'Test1234', 'Rj', '', 'Pinca', '', 23, 'Female', '', 1, 0, '2022-04-02 06:06:26', '2022-04-02 06:06:26'),
(481, '15-2132', 4, 0, 0, 'test2@gmail.com', 'Test1234', 'TEST', '', 'TEST', '', 25, 'Others', '', 0, 0, '2022-04-02 06:07:18', '2022-04-02 06:07:18');

-- --------------------------------------------------------

--
-- Table structure for table `patient_type`
--

CREATE TABLE `patient_type` (
  `patient_type_id` bigint(20) NOT NULL,
  `name` varchar(100) DEFAULT NULL,
  `is_deleted` int(11) DEFAULT 0,
  `created_at` timestamp NULL DEFAULT current_timestamp(),
  `updated_at` timestamp NULL DEFAULT current_timestamp() ON UPDATE current_timestamp()
) ENGINE=InnoDB DEFAULT CHARSET=utf8mb4 COMMENT='1 - Faculty\n2 - Students\n3 - Others';

--
-- Dumping data for table `patient_type`
--

INSERT INTO `patient_type` (`patient_type_id`, `name`, `is_deleted`, `created_at`, `updated_at`) VALUES
(1, 'Faculty', 0, '2021-12-02 04:58:27', '2021-12-02 04:58:27'),
(2, 'Student', 0, '2021-12-02 04:58:27', '2021-12-02 04:58:27'),
(3, 'Non-Teaching', 0, '2021-12-02 05:10:24', '2021-12-04 18:12:25'),
(4, 'External Stakeholders', 0, '2021-12-04 18:12:25', '2021-12-04 18:12:25'),
(5, 'Others', 0, '2021-12-04 18:12:34', '2021-12-04 18:12:34');

-- --------------------------------------------------------

--
-- Table structure for table `personal_health_history`
--

CREATE TABLE `personal_health_history` (
  `personal_health_history_id` bigint(20) NOT NULL,
  `medical_history_id` bigint(20) DEFAULT NULL,
  `patient_id` bigint(20) DEFAULT NULL,
  `childhood_illness` text DEFAULT NULL,
  `immunization` text DEFAULT NULL,
  `medical_problems` text DEFAULT NULL,
  `blood_transmission` text DEFAULT NULL,
  `is_deleted` int(11) DEFAULT 0,
  `created_at` timestamp NULL DEFAULT current_timestamp(),
  `updated_at` timestamp NULL DEFAULT current_timestamp() ON UPDATE current_timestamp()
) ENGINE=InnoDB DEFAULT CHARSET=utf8mb4;

--
-- Dumping data for table `personal_health_history`
--

INSERT INTO `personal_health_history` (`personal_health_history_id`, `medical_history_id`, `patient_id`, `childhood_illness`, `immunization`, `medical_problems`, `blood_transmission`, `is_deleted`, `created_at`, `updated_at`) VALUES
(1, 1, 2, 'Measles|Chickenpox|Rheumatic Fever', 'Measles|Chickenpox|Rheumatic Fever|Tetanus|Pheumonia|Hepatatis', 'test', 'Yes', 0, '2022-01-09 02:51:15', '2022-01-09 02:51:15'),
(2, 2, 4, 'Mumps', 'Mumps|Pheumonia', 'test', 'Yes', 0, '2022-01-09 02:55:50', '2022-01-09 02:55:50'),
(3, 3, 1, 'Measles', 'Measles|Tetanus', 'test', 'Yes', 0, '2022-02-25 08:56:09', '2022-02-25 08:56:09'),
(4, 4, 6, '', 'Chickenpox', '', 'Yes', 0, '2022-03-07 02:57:18', '2022-03-07 02:57:18'),
(5, 5, 330, '', '', '', 'Yes', 0, '2022-03-07 08:23:27', '2022-03-07 08:23:27'),
(6, 6, 332, '', '', '', 'Yes', 0, '2022-03-07 08:24:41', '2022-03-07 08:24:41'),
(7, 7, 339, '', '', '', 'Yes', 0, '2022-03-07 08:26:51', '2022-03-07 08:26:51'),
(8, 8, 350, '', '', '', 'Yes', 0, '2022-03-07 08:27:42', '2022-03-07 08:27:42'),
(9, 9, 354, '', '', '', 'Yes', 0, '2022-03-07 08:28:36', '2022-03-07 08:28:36'),
(10, 10, 363, '', 'Chickenpox', '', 'Yes', 0, '2022-03-07 13:09:44', '2022-03-07 13:09:44'),
(11, 11, 364, '', 'Chickenpox', '', 'Yes', 0, '2022-03-07 13:24:01', '2022-03-07 13:24:01'),
(12, 12, 369, '', '', '', 'Yes', 0, '2022-03-07 13:37:32', '2022-03-07 13:37:32'),
(13, 13, 370, '', '', '', 'Yes', 0, '2022-03-07 13:39:03', '2022-03-07 13:39:03'),
(14, 14, 372, '', '', '', 'Yes', 0, '2022-03-07 13:41:51', '2022-03-07 13:41:51'),
(15, 15, 333, '', '', 'n/a', 'Yes', 0, '2022-03-08 10:20:32', '2022-03-08 10:20:32'),
(16, 16, 336, '', '', 'n/a', 'Yes', 0, '2022-03-08 10:23:24', '2022-03-08 10:23:24'),
(17, 17, 351, '', '', '', 'Yes', 0, '2022-03-08 10:25:51', '2022-03-08 10:25:51'),
(18, 18, 379, '', '', '', 'Yes', 0, '2022-03-08 10:28:01', '2022-03-08 10:28:01'),
(19, 19, 381, '', '', '', 'Yes', 0, '2022-03-08 10:30:06', '2022-03-08 10:30:06'),
(20, 20, 385, '', '', '', 'Yes', 0, '2022-03-08 10:32:23', '2022-03-08 10:32:23'),
(21, 21, 387, '', '', '', 'Yes', 0, '2022-03-08 10:35:28', '2022-03-08 10:35:28'),
(22, 22, 389, '', '', '', 'Yes', 0, '2022-03-08 10:37:39', '2022-03-08 10:37:39'),
(23, 23, 391, '', '', '', 'Yes', 0, '2022-03-08 10:39:24', '2022-03-08 10:39:24'),
(24, 24, 402, '', '', '', 'Yes', 0, '2022-03-08 10:50:08', '2022-03-08 10:50:08'),
(25, 25, 393, '', '', '', 'Yes', 0, '2022-03-08 10:56:12', '2022-03-08 10:56:12'),
(26, 26, 395, '', '', '', 'Yes', 0, '2022-03-08 11:02:43', '2022-03-08 11:02:43'),
(27, 27, 397, '', '', '', 'Yes', 0, '2022-03-08 11:05:18', '2022-03-08 11:05:18'),
(28, 28, 399, '', '', '', 'Yes', 0, '2022-03-08 11:06:56', '2022-03-08 11:06:56'),
(29, 29, 401, '', '', '', 'Yes', 0, '2022-03-08 11:08:43', '2022-03-08 11:08:43'),
(30, 30, 403, '', '', '', 'Yes', 0, '2022-03-09 04:02:40', '2022-03-09 04:02:40'),
(31, 31, 341, '', '', '', 'Yes', 0, '2022-03-10 03:05:48', '2022-03-10 03:05:48'),
(32, 32, 438, '', '', '', 'Yes', 0, '2022-03-10 15:04:12', '2022-03-10 15:04:12');

-- --------------------------------------------------------

--
-- Table structure for table `prescribed_drug_history`
--

CREATE TABLE `prescribed_drug_history` (
  `prescribed_drug_history_id` bigint(20) NOT NULL,
  `medical_history_id` bigint(20) DEFAULT NULL,
  `patient_id` bigint(20) DEFAULT NULL,
  `name` text DEFAULT NULL,
  `strength` text DEFAULT NULL,
  `frequently_taken` text DEFAULT NULL,
  `is_deleted` int(11) DEFAULT 0,
  `created_at` timestamp NULL DEFAULT current_timestamp(),
  `updated_at` timestamp NULL DEFAULT current_timestamp() ON UPDATE current_timestamp()
) ENGINE=InnoDB DEFAULT CHARSET=utf8mb4;

--
-- Dumping data for table `prescribed_drug_history`
--

INSERT INTO `prescribed_drug_history` (`prescribed_drug_history_id`, `medical_history_id`, `patient_id`, `name`, `strength`, `frequently_taken`, `is_deleted`, `created_at`, `updated_at`) VALUES
(1, 1, 2, 'test', 'test', 'test', 0, '2022-01-09 02:51:16', '2022-01-09 02:51:16'),
(2, 1, 2, 'test', 'test', 'test', 0, '2022-01-09 02:51:16', '2022-01-09 02:51:16'),
(3, 2, 4, 'test', 'test', 'test', 0, '2022-01-09 02:55:50', '2022-01-09 02:55:50'),
(4, 2, 4, 'test', 'test', 'test', 0, '2022-01-09 02:55:50', '2022-01-09 02:55:50'),
(5, 3, 1, 'Gallon', 'test', 'test', 0, '2022-02-25 08:56:09', '2022-02-25 08:56:09'),
(6, 13, 370, '', '', '', 0, '2022-03-07 13:39:04', '2022-03-07 13:39:04'),
(7, 14, 372, '', '', '', 0, '2022-03-07 13:41:52', '2022-03-07 13:41:52'),
(8, 15, 333, '', '', '', 0, '2022-03-08 10:20:33', '2022-03-08 10:20:33'),
(9, 16, 336, '', '', '', 0, '2022-03-08 10:23:24', '2022-03-08 10:23:24'),
(10, 17, 351, '', '', '', 0, '2022-03-08 10:25:51', '2022-03-08 10:25:51'),
(11, 18, 379, '', '', '', 0, '2022-03-08 10:28:02', '2022-03-08 10:28:02'),
(12, 19, 381, '', '', '', 0, '2022-03-08 10:30:06', '2022-03-08 10:30:06'),
(13, 20, 385, '', '', '', 0, '2022-03-08 10:32:24', '2022-03-08 10:32:24'),
(14, 21, 387, '', '', '', 0, '2022-03-08 10:35:28', '2022-03-08 10:35:28'),
(15, 22, 389, '', '', '', 0, '2022-03-08 10:37:39', '2022-03-08 10:37:39'),
(16, 23, 391, '', '', '', 0, '2022-03-08 10:39:24', '2022-03-08 10:39:24'),
(17, 24, 402, '', '', '', 0, '2022-03-08 10:50:08', '2022-03-08 10:50:08'),
(18, 25, 393, '', '', '', 0, '2022-03-08 10:56:13', '2022-03-08 10:56:13'),
(19, 26, 395, '', '', '', 0, '2022-03-08 11:02:43', '2022-03-08 11:02:43'),
(20, 27, 397, '', '', '', 0, '2022-03-08 11:05:18', '2022-03-08 11:05:18'),
(21, 28, 399, '', '', '', 0, '2022-03-08 11:06:57', '2022-03-08 11:06:57'),
(22, 29, 401, '', '', '', 0, '2022-03-08 11:08:43', '2022-03-08 11:08:43'),
(23, 30, 403, '', '', '', 0, '2022-03-09 04:02:41', '2022-03-09 04:02:41'),
(24, 31, 341, '', '', '', 0, '2022-03-10 03:05:49', '2022-03-10 03:05:49'),
(25, 32, 438, '', '', '', 0, '2022-03-10 15:04:12', '2022-03-10 15:04:12');

-- --------------------------------------------------------

--
-- Table structure for table `purchase_request`
--

CREATE TABLE `purchase_request` (
  `purchase_request_id` bigint(20) NOT NULL,
  `code` varchar(50) DEFAULT NULL,
  `reason` text DEFAULT NULL,
  `status` int(11) DEFAULT NULL,
  `is_deleted` int(11) DEFAULT 0,
  `created_at` timestamp NULL DEFAULT current_timestamp(),
  `updated_at` timestamp NULL DEFAULT current_timestamp() ON UPDATE current_timestamp()
) ENGINE=InnoDB DEFAULT CHARSET=utf8mb4;

--
-- Dumping data for table `purchase_request`
--

INSERT INTO `purchase_request` (`purchase_request_id`, `code`, `reason`, `status`, `is_deleted`, `created_at`, `updated_at`) VALUES
(1, 'PR-00001', '', 2, 0, '2022-01-02 05:40:54', '2022-01-02 10:24:39'),
(2, 'PR-00002', 'test', 1, 0, '2022-01-02 05:47:04', '2022-01-02 10:25:02');

-- --------------------------------------------------------

--
-- Table structure for table `purchase_request_care_equipment`
--

CREATE TABLE `purchase_request_care_equipment` (
  `purchase_request_care_equipment_id` bigint(20) NOT NULL,
  `purchase_request_id` bigint(20) DEFAULT NULL,
  `care_equipment_id` bigint(20) DEFAULT NULL,
  `quantity` int(11) DEFAULT NULL,
  `unit_cost` decimal(15,2) DEFAULT NULL,
  `total_cost` decimal(15,2) DEFAULT NULL,
  `is_deleted` int(11) DEFAULT 0,
  `created_at` timestamp NULL DEFAULT current_timestamp(),
  `updated_at` timestamp NULL DEFAULT current_timestamp() ON UPDATE current_timestamp()
) ENGINE=InnoDB DEFAULT CHARSET=utf8mb4;

--
-- Dumping data for table `purchase_request_care_equipment`
--

INSERT INTO `purchase_request_care_equipment` (`purchase_request_care_equipment_id`, `purchase_request_id`, `care_equipment_id`, `quantity`, `unit_cost`, `total_cost`, `is_deleted`, `created_at`, `updated_at`) VALUES
(1, 1, 1, 10, '100.00', '1000.00', 0, '2022-01-02 05:40:54', '2022-01-02 05:40:54'),
(2, 1, 2, 10, '200.00', '2000.00', 0, '2022-01-02 05:40:54', '2022-01-02 05:40:54'),
(3, 1, 3, 10, '300.00', '3000.00', 0, '2022-01-02 05:40:54', '2022-01-02 05:40:54');

-- --------------------------------------------------------

--
-- Table structure for table `purchase_request_medicine`
--

CREATE TABLE `purchase_request_medicine` (
  `purchase_request_medicine_id` bigint(20) NOT NULL,
  `purchase_request_id` bigint(20) DEFAULT NULL,
  `medicine_id` bigint(20) DEFAULT NULL,
  `quantity` int(11) DEFAULT NULL,
  `unit_cost` decimal(15,2) DEFAULT NULL,
  `total_cost` decimal(15,2) DEFAULT NULL,
  `is_deleted` int(11) DEFAULT 0,
  `created_at` timestamp NULL DEFAULT current_timestamp(),
  `updated_at` timestamp NULL DEFAULT current_timestamp() ON UPDATE current_timestamp()
) ENGINE=InnoDB DEFAULT CHARSET=utf8mb4;

--
-- Dumping data for table `purchase_request_medicine`
--

INSERT INTO `purchase_request_medicine` (`purchase_request_medicine_id`, `purchase_request_id`, `medicine_id`, `quantity`, `unit_cost`, `total_cost`, `is_deleted`, `created_at`, `updated_at`) VALUES
(1, 1, 1, 10, '500.00', '5000.00', 0, '2022-01-02 05:40:54', '2022-01-02 05:40:54'),
(2, 1, 2, 10, '600.00', '6000.00', 0, '2022-01-02 05:40:54', '2022-01-02 05:40:54'),
(3, 2, 1, 100, '500.00', '50000.00', 0, '2022-01-02 05:47:04', '2022-01-02 05:47:04');

-- --------------------------------------------------------

--
-- Table structure for table `purchase_request_office_supply`
--

CREATE TABLE `purchase_request_office_supply` (
  `purchase_request_office_supply_id` bigint(20) NOT NULL,
  `purchase_request_id` bigint(20) DEFAULT NULL,
  `office_supply_id` bigint(20) DEFAULT NULL,
  `quantity` int(11) DEFAULT NULL,
  `unit_cost` decimal(15,2) DEFAULT NULL,
  `total_cost` decimal(15,2) DEFAULT NULL,
  `is_deleted` int(11) DEFAULT 0,
  `created_at` timestamp NULL DEFAULT current_timestamp(),
  `updated_at` timestamp NULL DEFAULT current_timestamp() ON UPDATE current_timestamp()
) ENGINE=InnoDB DEFAULT CHARSET=utf8mb4;

--
-- Dumping data for table `purchase_request_office_supply`
--

INSERT INTO `purchase_request_office_supply` (`purchase_request_office_supply_id`, `purchase_request_id`, `office_supply_id`, `quantity`, `unit_cost`, `total_cost`, `is_deleted`, `created_at`, `updated_at`) VALUES
(1, 1, 1, 100, '50.00', '5000.00', 0, '2022-01-02 05:40:55', '2022-01-02 05:40:55');

-- --------------------------------------------------------

--
-- Table structure for table `referral_forms`
--

CREATE TABLE `referral_forms` (
  `referral_form_id` bigint(20) NOT NULL,
  `date` date DEFAULT NULL,
  `to_doctor` text DEFAULT NULL,
  `patient_id` bigint(20) DEFAULT NULL,
  `address` text DEFAULT NULL,
  `chief_complaint` text DEFAULT NULL,
  `illness_history` text DEFAULT NULL,
  `medicine_given` text DEFAULT NULL,
  `impression` text DEFAULT NULL,
  `referral_reason` text DEFAULT NULL,
  `is_deleted` int(11) DEFAULT 0,
  `created_at` timestamp NULL DEFAULT current_timestamp(),
  `updated_at` timestamp NULL DEFAULT current_timestamp() ON UPDATE current_timestamp()
) ENGINE=InnoDB DEFAULT CHARSET=utf8mb4;

--
-- Dumping data for table `referral_forms`
--

INSERT INTO `referral_forms` (`referral_form_id`, `date`, `to_doctor`, `patient_id`, `address`, `chief_complaint`, `illness_history`, `medicine_given`, `impression`, `referral_reason`, `is_deleted`, `created_at`, `updated_at`) VALUES
(1, '2022-01-22', 'test', 2, 'test', 'test', 'test', 'test', 'test', 'As requested by relatives of patient/patient', 0, '2022-01-08 11:52:37', '2022-01-08 11:54:32'),
(2, '2022-02-04', 'test', 4, 'test', 'test', 'test', 'test', 'test', 'For further evaluation and management', 1, '2022-01-08 11:55:02', '2022-01-08 11:55:17');

-- --------------------------------------------------------

--
-- Table structure for table `refer_drug_history`
--

CREATE TABLE `refer_drug_history` (
  `refer_drug_history_id` bigint(20) NOT NULL,
  `medical_history_id` bigint(20) DEFAULT NULL,
  `patient_id` bigint(20) DEFAULT NULL,
  `name` text DEFAULT NULL,
  `reaction` text DEFAULT NULL,
  `is_deleted` int(11) DEFAULT 0,
  `created_at` timestamp NULL DEFAULT current_timestamp(),
  `updated_at` timestamp NULL DEFAULT current_timestamp() ON UPDATE current_timestamp()
) ENGINE=InnoDB DEFAULT CHARSET=utf8mb4;

-- --------------------------------------------------------

--
-- Table structure for table `roles`
--

CREATE TABLE `roles` (
  `role_id` bigint(20) NOT NULL,
  `name` varchar(100) DEFAULT NULL,
  `is_deleted` int(11) DEFAULT 0,
  `created_at` timestamp NULL DEFAULT current_timestamp(),
  `updated_at` timestamp NULL DEFAULT current_timestamp() ON UPDATE current_timestamp()
) ENGINE=InnoDB DEFAULT CHARSET=utf8mb4;

--
-- Dumping data for table `roles`
--

INSERT INTO `roles` (`role_id`, `name`, `is_deleted`, `created_at`, `updated_at`) VALUES
(1, 'Nurse', 0, '2021-12-04 11:13:57', '2021-12-04 11:13:57'),
(2, 'Doctor', 0, '2021-12-04 11:13:57', '2021-12-04 11:13:57'),
(3, 'Dentist', 0, '2021-12-04 11:13:57', '2021-12-04 11:13:57'),
(4, 'Physician', 0, '2021-12-04 11:13:57', '2021-12-04 11:13:57');

-- --------------------------------------------------------

--
-- Table structure for table `sections`
--

CREATE TABLE `sections` (
  `section_id` bigint(20) NOT NULL,
  `course_id` bigint(20) DEFAULT NULL,
  `year_id` bigint(20) DEFAULT NULL,
  `name` varchar(45) DEFAULT NULL,
  `is_deleted` int(11) DEFAULT 0,
  `created_at` timestamp NULL DEFAULT current_timestamp(),
  `updated_at` timestamp NULL DEFAULT current_timestamp() ON UPDATE current_timestamp()
) ENGINE=InnoDB DEFAULT CHARSET=utf8mb4;

--
-- Dumping data for table `sections`
--

INSERT INTO `sections` (`section_id`, `course_id`, `year_id`, `name`, `is_deleted`, `created_at`, `updated_at`) VALUES
(1, 1, 2, 'Ha?', 1, '2021-12-30 07:43:17', '2021-12-30 07:47:15'),
(2, 1, 3, '2g', 0, '2021-12-30 07:45:51', '2021-12-30 07:45:51');

-- --------------------------------------------------------

--
-- Table structure for table `services`
--

CREATE TABLE `services` (
  `service_id` bigint(20) NOT NULL,
  `name` varchar(100) DEFAULT NULL,
  `description` text DEFAULT NULL,
  `is_deleted` int(11) DEFAULT 0,
  `created_at` timestamp NULL DEFAULT current_timestamp(),
  `updated_at` timestamp NULL DEFAULT current_timestamp() ON UPDATE current_timestamp()
) ENGINE=InnoDB DEFAULT CHARSET=utf8mb4 COMMENT='1 - Medical\n2 - Dental\n3 - Dispensing Medicine';

--
-- Dumping data for table `services`
--

INSERT INTO `services` (`service_id`, `name`, `description`, `is_deleted`, `created_at`, `updated_at`) VALUES
(1, 'Medical', 'Sample Description', 0, '2021-12-04 00:49:07', '2021-12-04 00:49:07'),
(2, 'Dental', 'Sample Description', 1, '2021-12-04 00:49:07', '2022-01-09 00:52:53'),
(3, 'Dispensing Medicine', 'Sample Description', 0, '2021-12-04 04:52:19', '2021-12-04 04:52:19');

-- --------------------------------------------------------

--
-- Table structure for table `stock_in`
--

CREATE TABLE `stock_in` (
  `stock_in_id` bigint(20) NOT NULL,
  `purchase_request_id` bigint(20) DEFAULT NULL,
  `code` varchar(50) DEFAULT NULL,
  `reason` text DEFAULT NULL,
  `is_deleted` int(11) DEFAULT 0,
  `created_at` timestamp NULL DEFAULT current_timestamp(),
  `updated_at` timestamp NULL DEFAULT current_timestamp() ON UPDATE current_timestamp()
) ENGINE=InnoDB DEFAULT CHARSET=utf8mb4;

--
-- Dumping data for table `stock_in`
--

INSERT INTO `stock_in` (`stock_in_id`, `purchase_request_id`, `code`, `reason`, `is_deleted`, `created_at`, `updated_at`) VALUES
(1, 0, 'SI-00001', 'already have', 0, '2022-01-01 13:56:30', '2022-01-01 14:11:09'),
(2, 1, 'SI-00002', 'test', 0, '2022-01-02 08:20:54', '2022-01-02 08:20:54'),
(3, 2, 'SI-00003', 'test', 0, '2022-01-02 10:42:45', '2022-01-02 10:42:45'),
(4, 0, 'SI-00004', 'test', 0, '2022-01-08 02:07:29', '2022-01-08 02:07:30'),
(5, 2, 'SI-00005', '', 0, '2022-01-08 05:46:24', '2022-01-08 05:46:25'),
(6, 0, 'SI-00006', '', 0, '2022-03-07 03:49:21', '2022-03-07 03:49:21'),
(7, 0, 'SI-00007', 'n/a', 0, '2022-03-09 13:17:37', '2022-03-09 13:17:37'),
(8, 0, 'SI-00008', '', 0, '2022-03-09 14:25:20', '2022-03-09 14:25:20'),
(9, 0, 'SI-00009', '', 0, '2022-03-10 03:00:31', '2022-03-10 03:00:31');

-- --------------------------------------------------------

--
-- Table structure for table `stock_in_care_equipment`
--

CREATE TABLE `stock_in_care_equipment` (
  `stock_in_care_equipment_id` bigint(20) NOT NULL,
  `stock_in_id` bigint(20) DEFAULT NULL,
  `care_equipment_id` bigint(20) DEFAULT NULL,
  `quantity` int(11) DEFAULT NULL,
  `remaining` int(11) DEFAULT NULL,
  `batch` varchar(100) DEFAULT NULL,
  `expiration` date DEFAULT NULL,
  `is_deleted` int(11) DEFAULT 0,
  `created_at` timestamp NULL DEFAULT current_timestamp(),
  `updated_at` timestamp NULL DEFAULT current_timestamp() ON UPDATE current_timestamp()
) ENGINE=InnoDB DEFAULT CHARSET=utf8mb4;

--
-- Dumping data for table `stock_in_care_equipment`
--

INSERT INTO `stock_in_care_equipment` (`stock_in_care_equipment_id`, `stock_in_id`, `care_equipment_id`, `quantity`, `remaining`, `batch`, `expiration`, `is_deleted`, `created_at`, `updated_at`) VALUES
(1, 1, 1, 100, 100, '1', '2022-02-05', 0, '2022-01-01 13:56:30', '2022-01-09 01:48:54'),
(2, 1, 2, 100, 5, '1', '2022-02-05', 0, '2022-01-01 13:56:30', '2022-01-09 02:55:49'),
(3, 1, 3, 100, 100, '1', '2022-02-05', 0, '2022-01-01 13:56:30', '2022-01-09 01:48:54'),
(4, 1, 4, 100, 50, '1', '2022-02-05', 0, '2022-01-01 13:56:30', '2022-01-09 02:43:07'),
(5, 1, 5, 100, 97, '1', '2022-02-05', 0, '2022-01-01 13:56:30', '2022-03-09 14:26:46'),
(6, 2, 1, 10, 10, '', '0000-00-00', 0, '2022-01-02 08:20:55', '2022-01-09 01:48:54'),
(7, 2, 2, 10, 0, '', '0000-00-00', 0, '2022-01-02 08:20:55', '2022-01-09 02:39:28'),
(8, 2, 3, 10, 10, '', '0000-00-00', 0, '2022-01-02 08:20:55', '2022-01-09 01:48:54'),
(9, 4, 1, 100, 100, '1', '2022-01-20', 0, '2022-01-08 02:07:30', '2022-01-08 02:07:30'),
(10, 8, 5, 3, 3, '2', '2022-03-09', 0, '2022-03-09 14:25:20', '2022-03-09 14:25:20');

-- --------------------------------------------------------

--
-- Table structure for table `stock_in_medicine`
--

CREATE TABLE `stock_in_medicine` (
  `stock_in_medicine_id` bigint(20) NOT NULL,
  `stock_in_id` bigint(20) DEFAULT NULL,
  `medicine_id` bigint(20) DEFAULT NULL,
  `quantity` int(11) DEFAULT NULL,
  `remaining` int(11) DEFAULT NULL,
  `batch` varchar(100) DEFAULT NULL,
  `expiration` date DEFAULT NULL,
  `is_deleted` int(11) DEFAULT 0,
  `created_at` timestamp NULL DEFAULT current_timestamp(),
  `updated_at` timestamp NULL DEFAULT current_timestamp() ON UPDATE current_timestamp()
) ENGINE=InnoDB DEFAULT CHARSET=utf8mb4;

--
-- Dumping data for table `stock_in_medicine`
--

INSERT INTO `stock_in_medicine` (`stock_in_medicine_id`, `stock_in_id`, `medicine_id`, `quantity`, `remaining`, `batch`, `expiration`, `is_deleted`, `created_at`, `updated_at`) VALUES
(1, 1, 1, 100, 0, '1', '2022-01-21', 0, '2022-01-01 13:56:30', '2022-01-08 04:03:16'),
(2, 1, 2, 100, 0, '1', '2022-01-21', 0, '2022-01-01 13:56:30', '2022-03-10 03:01:42'),
(3, 1, 3, 100, 63, '1', '2022-01-27', 0, '2022-01-01 13:56:30', '2022-03-10 15:04:12'),
(4, 1, 4, 100, 8, '1', '2022-01-20', 0, '2022-01-01 13:56:30', '2022-03-08 12:33:31'),
(5, 1, 5, 100, 30, '1', '2022-01-21', 0, '2022-01-01 13:56:30', '2022-03-08 12:49:48'),
(6, 2, 1, 1, 0, '2', '2022-01-21', 0, '2022-01-02 08:20:54', '2022-01-03 11:16:19'),
(7, 2, 2, 10, 0, '2', '0000-00-00', 0, '2022-01-02 08:20:54', '2022-01-09 02:51:15'),
(8, 3, 1, 5, 0, '2', '2022-01-23', 0, '2022-01-02 10:42:45', '2022-01-08 04:35:26'),
(9, 5, 1, 50, 0, '1', '0000-00-00', 0, '2022-01-08 05:46:25', '2022-01-09 02:39:57'),
(10, 6, 7, 500, 466, '1', '2026-07-07', 0, '2022-03-07 03:49:21', '2022-03-08 13:18:05'),
(11, 6, 8, 500, 466, '1', '2025-08-07', 0, '2022-03-07 03:49:21', '2022-03-08 13:15:17'),
(12, 6, 9, 500, 479, '1', '2025-03-07', 0, '2022-03-07 03:49:21', '2022-03-08 13:12:28'),
(13, 6, 1, 500, 435, '1', '2025-09-07', 0, '2022-03-07 03:49:21', '2022-03-11 07:21:11'),
(14, 6, 2, 500, 496, '1', '2027-04-07', 0, '2022-03-07 03:49:21', '2022-03-11 06:43:06'),
(15, 6, 3, 500, 500, '1', '2026-03-07', 0, '2022-03-07 03:49:21', '2022-03-07 03:49:21'),
(16, 6, 4, 500, 500, '1', '2025-10-07', 0, '2022-03-07 03:49:21', '2022-03-07 03:49:21'),
(17, 6, 5, 500, 500, '1', '2026-12-07', 0, '2022-03-07 03:49:21', '2022-03-07 03:49:21'),
(18, 6, 10, 500, 489, '1', '2026-11-07', 0, '2022-03-07 03:49:21', '2022-03-08 12:41:32'),
(19, 6, 11, 500, 482, '1', '2026-11-07', 0, '2022-03-07 03:49:21', '2022-03-08 12:41:32'),
(20, 6, 12, 500, 497, '1', '2026-08-07', 0, '2022-03-07 03:49:21', '2022-03-08 11:30:23'),
(21, 6, 13, 500, 481, '1', '2026-07-07', 0, '2022-03-07 03:49:21', '2022-03-10 15:06:46'),
(22, 7, 14, 500, 500, '2', '2022-03-09', 0, '2022-03-09 13:17:37', '2022-03-09 13:17:37'),
(23, 9, 1, 10, 0, '2', '2022-04-10', 0, '2022-03-10 03:00:31', '2022-03-11 06:34:55');

-- --------------------------------------------------------

--
-- Table structure for table `stock_in_office_supply`
--

CREATE TABLE `stock_in_office_supply` (
  `stock_in_office_supply_id` bigint(20) NOT NULL,
  `stock_in_id` bigint(20) DEFAULT NULL,
  `office_supply_id` bigint(20) DEFAULT NULL,
  `quantity` int(11) DEFAULT NULL,
  `remaining` int(11) DEFAULT NULL,
  `batch` varchar(100) DEFAULT NULL,
  `expiration` date DEFAULT NULL,
  `is_deleted` int(11) DEFAULT 0,
  `created_at` timestamp NULL DEFAULT current_timestamp(),
  `updated_at` timestamp NULL DEFAULT current_timestamp() ON UPDATE current_timestamp()
) ENGINE=InnoDB DEFAULT CHARSET=utf8mb4;

--
-- Dumping data for table `stock_in_office_supply`
--

INSERT INTO `stock_in_office_supply` (`stock_in_office_supply_id`, `stock_in_id`, `office_supply_id`, `quantity`, `remaining`, `batch`, `expiration`, `is_deleted`, `created_at`, `updated_at`) VALUES
(1, 1, 2, 100, NULL, '1', '2022-01-29', 0, '2022-01-01 13:56:31', '2022-01-01 13:56:31'),
(2, 1, 3, 100, NULL, '1', '2022-01-07', 0, '2022-01-01 13:56:31', '2022-01-01 13:56:31'),
(3, 1, 4, 100, NULL, '1', '2022-01-27', 0, '2022-01-01 13:56:31', '2022-01-01 13:56:31'),
(4, 1, 1, 100, NULL, '1', '2022-01-28', 0, '2022-01-01 13:56:31', '2022-01-01 13:56:31'),
(5, 2, 1, 100, NULL, '', '0000-00-00', 0, '2022-01-02 08:20:55', '2022-01-02 08:20:55');

-- --------------------------------------------------------

--
-- Table structure for table `stock_out`
--

CREATE TABLE `stock_out` (
  `stock_out_id` bigint(20) NOT NULL,
  `code` varchar(50) DEFAULT NULL,
  `reason` text DEFAULT NULL,
  `is_deleted` int(11) DEFAULT 0,
  `created_at` timestamp NULL DEFAULT current_timestamp(),
  `updated_at` timestamp NULL DEFAULT current_timestamp() ON UPDATE current_timestamp()
) ENGINE=InnoDB DEFAULT CHARSET=utf8mb4;

--
-- Dumping data for table `stock_out`
--

INSERT INTO `stock_out` (`stock_out_id`, `code`, `reason`, `is_deleted`, `created_at`, `updated_at`) VALUES
(1, 'SO-00001', '', 0, '2022-01-07 21:02:39', '2022-01-08 04:02:39'),
(2, 'SO-00002', 'test', 0, '2022-01-07 21:03:16', '2022-01-08 04:03:16'),
(3, 'SO-00003', 'remove biogesic', 0, '2022-01-07 21:35:25', '2022-01-08 04:35:26'),
(4, 'SO-00004', 'mefenamic acid', 0, '2022-01-07 21:47:19', '2022-01-08 04:47:19'),
(5, 'SO-00005', 'biogesic', 0, '2022-01-08 18:28:23', '2022-01-09 01:28:23'),
(6, 'SO-00006', '', 0, '2022-03-09 07:26:46', '2022-03-09 14:26:46'),
(7, 'SO-00007', '', 0, '2022-03-09 20:01:42', '2022-03-10 03:01:42');

-- --------------------------------------------------------

--
-- Table structure for table `stock_out_care_equipment`
--

CREATE TABLE `stock_out_care_equipment` (
  `stock_out_care_equipment_id` bigint(20) NOT NULL,
  `stock_out_id` bigint(20) DEFAULT NULL,
  `stock_in_care_equipment_id` bigint(20) DEFAULT NULL,
  `check_up_id` bigint(20) DEFAULT NULL,
  `patient_id` bigint(20) DEFAULT NULL,
  `care_equipment_id` bigint(20) DEFAULT NULL,
  `quantity` int(11) DEFAULT NULL,
  `remaining` int(11) DEFAULT NULL,
  `batch` varchar(100) DEFAULT NULL,
  `expiration` date DEFAULT NULL,
  `is_deleted` int(11) DEFAULT 0,
  `created_at` timestamp NULL DEFAULT current_timestamp(),
  `updated_at` timestamp NULL DEFAULT current_timestamp() ON UPDATE current_timestamp()
) ENGINE=InnoDB DEFAULT CHARSET=utf8mb4;

--
-- Dumping data for table `stock_out_care_equipment`
--

INSERT INTO `stock_out_care_equipment` (`stock_out_care_equipment_id`, `stock_out_id`, `stock_in_care_equipment_id`, `check_up_id`, `patient_id`, `care_equipment_id`, `quantity`, `remaining`, `batch`, `expiration`, `is_deleted`, `created_at`, `updated_at`) VALUES
(1, NULL, NULL, 5, 2, 2, 10, NULL, NULL, NULL, 0, '2022-01-09 02:41:24', '2022-01-09 02:41:24'),
(2, NULL, NULL, 5, 2, 4, 10, NULL, NULL, NULL, 0, '2022-01-09 02:41:24', '2022-01-09 02:41:24'),
(3, NULL, NULL, 6, 2, 2, 10, NULL, NULL, NULL, 0, '2022-01-09 02:41:46', '2022-01-09 02:41:46'),
(4, NULL, NULL, 6, 2, 4, 10, NULL, NULL, NULL, 0, '2022-01-09 02:41:46', '2022-01-09 02:41:46'),
(5, NULL, NULL, 7, 2, 2, 10, NULL, NULL, NULL, 0, '2022-01-09 02:43:07', '2022-01-09 02:43:07'),
(6, NULL, NULL, 7, 2, 4, 10, NULL, NULL, NULL, 0, '2022-01-09 02:43:07', '2022-01-09 02:43:07'),
(7, NULL, NULL, 8, 2, 2, 50, NULL, NULL, NULL, 0, '2022-01-09 02:51:15', '2022-01-09 02:51:15'),
(8, NULL, NULL, 9, 4, 2, 5, NULL, NULL, NULL, 0, '2022-01-09 02:55:49', '2022-01-09 02:55:49'),
(9, 6, NULL, NULL, NULL, 5, 3, 3, NULL, NULL, 0, '2022-03-09 14:26:46', '2022-03-09 14:26:46');

-- --------------------------------------------------------

--
-- Table structure for table `stock_out_medicine`
--

CREATE TABLE `stock_out_medicine` (
  `stock_out_medicine_id` bigint(20) NOT NULL,
  `stock_out_id` bigint(20) DEFAULT NULL,
  `check_up_id` bigint(20) DEFAULT NULL,
  `patient_id` bigint(20) DEFAULT NULL,
  `medicine_id` bigint(20) DEFAULT NULL,
  `quantity` int(11) DEFAULT NULL,
  `remaining` int(11) DEFAULT NULL,
  `batch` varchar(100) DEFAULT NULL,
  `expiration` date DEFAULT NULL,
  `is_deleted` int(11) DEFAULT 0,
  `created_at` timestamp NULL DEFAULT current_timestamp(),
  `updated_at` timestamp NULL DEFAULT current_timestamp() ON UPDATE current_timestamp()
) ENGINE=InnoDB DEFAULT CHARSET=utf8mb4;

--
-- Dumping data for table `stock_out_medicine`
--

INSERT INTO `stock_out_medicine` (`stock_out_medicine_id`, `stock_out_id`, `check_up_id`, `patient_id`, `medicine_id`, `quantity`, `remaining`, `batch`, `expiration`, `is_deleted`, `created_at`, `updated_at`) VALUES
(1, 2, NULL, NULL, 1, 100, 100, NULL, NULL, 0, '2022-01-08 04:03:16', '2022-01-08 04:03:16'),
(2, 3, NULL, NULL, 1, 5, 5, NULL, NULL, 0, '2022-01-08 04:35:26', '2022-01-08 04:35:26'),
(3, 4, NULL, NULL, 5, 50, 50, NULL, NULL, 0, '2022-01-08 04:47:19', '2022-01-08 04:47:19'),
(4, 5, NULL, NULL, 1, 10, 10, NULL, NULL, 0, '2022-01-09 01:28:24', '2022-01-09 01:28:24'),
(5, NULL, 1, 2, 1, 10, NULL, NULL, NULL, 0, '2022-01-09 02:38:31', '2022-01-09 02:38:31'),
(6, NULL, 1, 2, 4, 10, NULL, NULL, NULL, 0, '2022-01-09 02:38:31', '2022-01-09 02:38:31'),
(7, NULL, 2, 2, 1, 10, NULL, NULL, NULL, 0, '2022-01-09 02:39:02', '2022-01-09 02:39:02'),
(8, NULL, 2, 2, 4, 10, NULL, NULL, NULL, 0, '2022-01-09 02:39:02', '2022-01-09 02:39:02'),
(9, NULL, 3, 2, 1, 10, NULL, NULL, NULL, 0, '2022-01-09 02:39:28', '2022-01-09 02:39:28'),
(10, NULL, 3, 2, 4, 10, NULL, NULL, NULL, 0, '2022-01-09 02:39:28', '2022-01-09 02:39:28'),
(11, NULL, 4, 2, 1, 10, NULL, NULL, NULL, 0, '2022-01-09 02:39:57', '2022-01-09 02:39:57'),
(12, NULL, 4, 2, 4, 10, NULL, NULL, NULL, 0, '2022-01-09 02:39:57', '2022-01-09 02:39:57'),
(13, NULL, 5, 2, 1, 10, NULL, NULL, NULL, 0, '2022-01-09 02:41:24', '2022-01-09 02:41:24'),
(14, NULL, 5, 2, 4, 10, NULL, NULL, NULL, 0, '2022-01-09 02:41:24', '2022-01-09 02:41:24'),
(15, NULL, 6, 2, 1, 10, NULL, NULL, NULL, 0, '2022-01-09 02:41:45', '2022-01-09 02:41:45'),
(16, NULL, 6, 2, 4, 10, NULL, NULL, NULL, 0, '2022-01-09 02:41:45', '2022-01-09 02:41:45'),
(17, NULL, 7, 2, 1, 10, NULL, NULL, NULL, 0, '2022-01-09 02:43:07', '2022-01-09 02:43:07'),
(18, NULL, 7, 2, 4, 10, NULL, NULL, NULL, 0, '2022-01-09 02:43:07', '2022-01-09 02:43:07'),
(19, NULL, 8, 2, 2, 10, NULL, NULL, NULL, 0, '2022-01-09 02:51:15', '2022-01-09 02:51:15'),
(20, NULL, 9, 4, 3, 10, NULL, NULL, NULL, 0, '2022-01-09 02:55:49', '2022-01-09 02:55:49'),
(21, NULL, 10, 1, 2, 5, NULL, NULL, NULL, 0, '2022-01-09 03:44:42', '2022-01-09 03:44:42'),
(22, NULL, 10, 1, 4, 5, NULL, NULL, NULL, 0, '2022-01-09 03:44:42', '2022-01-09 03:44:42'),
(23, NULL, 11, 1, 2, 5, NULL, NULL, NULL, 0, '2022-02-25 08:56:09', '2022-02-25 08:56:09'),
(24, NULL, 15, 2, 1, 0, NULL, NULL, NULL, 0, '2022-02-25 10:54:37', '2022-02-25 10:54:37'),
(25, NULL, 16, 6, 2, 3, NULL, NULL, NULL, 0, '2022-03-07 02:57:17', '2022-03-07 02:57:17'),
(26, NULL, 17, 5, 3, 4, NULL, NULL, NULL, 0, '2022-03-07 03:05:00', '2022-03-07 03:05:00'),
(27, NULL, 18, 327, 8, 2, NULL, NULL, NULL, 0, '2022-03-07 06:22:01', '2022-03-07 06:22:01'),
(28, NULL, 19, 328, 1, 2, NULL, NULL, NULL, 0, '2022-03-07 06:44:27', '2022-03-07 06:44:27'),
(29, NULL, 25, 329, 3, 4, NULL, NULL, NULL, 0, '2022-03-07 08:30:01', '2022-03-07 08:30:01'),
(30, NULL, 26, 330, 5, 5, NULL, NULL, NULL, 0, '2022-03-07 08:30:39', '2022-03-07 08:30:39'),
(31, NULL, 27, 331, 8, 2, NULL, NULL, NULL, 0, '2022-03-07 08:31:17', '2022-03-07 08:31:17'),
(32, NULL, 28, 332, 2, 4, NULL, NULL, NULL, 0, '2022-03-07 08:32:04', '2022-03-07 08:32:04'),
(33, NULL, 29, 334, 1, 4, NULL, NULL, NULL, 0, '2022-03-07 08:32:32', '2022-03-07 08:32:32'),
(34, NULL, 30, 339, 1, 4, NULL, NULL, NULL, 0, '2022-03-07 08:33:14', '2022-03-07 08:33:14'),
(35, NULL, 31, 340, 2, 4, NULL, NULL, NULL, 0, '2022-03-07 08:33:51', '2022-03-07 08:33:51'),
(36, NULL, 32, 342, 7, 3, NULL, NULL, NULL, 0, '2022-03-07 08:34:20', '2022-03-07 08:34:20'),
(37, NULL, 33, 347, 4, 4, NULL, NULL, NULL, 0, '2022-03-07 08:34:54', '2022-03-07 08:34:54'),
(38, NULL, 34, 349, 13, 4, NULL, NULL, NULL, 0, '2022-03-07 08:35:26', '2022-03-07 08:35:26'),
(39, NULL, 35, 350, 2, 4, NULL, NULL, NULL, 0, '2022-03-07 08:36:05', '2022-03-07 08:36:05'),
(40, NULL, 36, 354, 2, 7, NULL, NULL, NULL, 0, '2022-03-07 08:37:06', '2022-03-07 08:37:06'),
(41, NULL, 37, 357, 2, 3, NULL, NULL, NULL, 0, '2022-03-07 08:37:49', '2022-03-07 08:37:49'),
(42, NULL, 38, 359, 7, 2, NULL, NULL, NULL, 0, '2022-03-07 08:38:21', '2022-03-07 08:38:21'),
(43, NULL, 39, 362, 1, 4, NULL, NULL, NULL, 0, '2022-03-07 08:38:54', '2022-03-07 08:38:54'),
(44, NULL, 40, 363, 1, 4, NULL, NULL, NULL, 0, '2022-03-07 13:09:44', '2022-03-07 13:09:44'),
(45, NULL, 41, 364, 1, 2, NULL, NULL, NULL, 0, '2022-03-07 13:24:01', '2022-03-07 13:24:01'),
(46, NULL, 46, 363, 8, 3, NULL, NULL, NULL, 0, '2022-03-07 13:44:25', '2022-03-07 13:44:25'),
(47, NULL, 47, 364, 7, 3, NULL, NULL, NULL, 0, '2022-03-07 13:45:03', '2022-03-07 13:45:03'),
(48, NULL, 48, 365, 9, 2, NULL, NULL, NULL, 0, '2022-03-07 13:45:32', '2022-03-07 13:45:32'),
(49, NULL, 49, 366, 11, 5, NULL, NULL, NULL, 0, '2022-03-07 13:46:20', '2022-03-07 13:46:20'),
(50, NULL, 50, 367, 8, 4, NULL, NULL, NULL, 0, '2022-03-07 13:47:52', '2022-03-07 13:47:52'),
(51, NULL, 51, 368, 2, 4, NULL, NULL, NULL, 0, '2022-03-07 13:48:30', '2022-03-07 13:48:30'),
(52, NULL, 52, 369, 4, 6, NULL, NULL, NULL, 0, '2022-03-07 13:49:10', '2022-03-07 13:49:10'),
(53, NULL, 53, 370, 1, 4, NULL, NULL, NULL, 0, '2022-03-07 13:49:45', '2022-03-07 13:49:45'),
(54, NULL, 54, 371, 2, 5, NULL, NULL, NULL, 0, '2022-03-07 13:50:21', '2022-03-07 13:50:21'),
(55, NULL, 55, 372, 7, 4, NULL, NULL, NULL, 0, '2022-03-07 13:51:16', '2022-03-07 13:51:16'),
(56, NULL, 65, 402, 1, 5, NULL, NULL, NULL, 0, '2022-03-08 10:50:08', '2022-03-08 10:50:08'),
(57, NULL, 73, 336, 2, 3, NULL, NULL, NULL, 0, '2022-03-08 11:19:12', '2022-03-08 11:19:12'),
(58, NULL, 74, 343, 3, 6, NULL, NULL, NULL, 0, '2022-03-08 11:20:18', '2022-03-08 11:20:18'),
(59, NULL, 75, 348, 4, 3, NULL, NULL, NULL, 0, '2022-03-08 11:22:03', '2022-03-08 11:22:03'),
(60, NULL, 76, 351, 5, 11, NULL, NULL, NULL, 0, '2022-03-08 11:23:16', '2022-03-08 11:23:16'),
(61, NULL, 77, 351, 7, 4, NULL, NULL, NULL, 0, '2022-03-08 11:24:36', '2022-03-08 11:24:36'),
(62, NULL, 78, 358, 8, 5, NULL, NULL, NULL, 0, '2022-03-08 11:25:27', '2022-03-08 11:25:27'),
(63, NULL, 79, 373, 9, 3, NULL, NULL, NULL, 0, '2022-03-08 11:26:33', '2022-03-08 11:26:33'),
(64, NULL, 80, 376, 9, 2, NULL, NULL, NULL, 0, '2022-03-08 11:28:04', '2022-03-08 11:28:04'),
(65, NULL, 81, 377, 10, 1, NULL, NULL, NULL, 0, '2022-03-08 11:28:52', '2022-03-08 11:28:52'),
(66, NULL, 82, 378, 11, 3, NULL, NULL, NULL, 0, '2022-03-08 11:29:33', '2022-03-08 11:29:33'),
(67, NULL, 83, 379, 12, 3, NULL, NULL, NULL, 0, '2022-03-08 11:30:23', '2022-03-08 11:30:23'),
(68, NULL, 84, 380, 13, 4, NULL, NULL, NULL, 0, '2022-03-08 12:30:51', '2022-03-08 12:30:51'),
(69, NULL, 85, 381, 3, 2, NULL, NULL, NULL, 0, '2022-03-08 12:32:36', '2022-03-08 12:32:36'),
(70, NULL, 86, 382, 4, 4, NULL, NULL, NULL, 0, '2022-03-08 12:33:31', '2022-03-08 12:33:31'),
(71, NULL, 87, 384, 3, 4, NULL, NULL, NULL, 0, '2022-03-08 12:37:49', '2022-03-08 12:37:49'),
(72, NULL, 88, 385, 7, 4, NULL, NULL, NULL, 0, '2022-03-08 12:38:58', '2022-03-08 12:38:58'),
(73, NULL, 89, 386, 8, 4, NULL, NULL, NULL, 0, '2022-03-08 12:39:45', '2022-03-08 12:39:45'),
(74, NULL, 90, 387, 10, 10, NULL, NULL, NULL, 0, '2022-03-08 12:41:32', '2022-03-08 12:41:32'),
(75, NULL, 90, 387, 11, 10, NULL, NULL, NULL, 0, '2022-03-08 12:41:32', '2022-03-08 12:41:32'),
(76, NULL, 91, 388, 2, 4, NULL, NULL, NULL, 0, '2022-03-08 12:43:25', '2022-03-08 12:43:25'),
(77, NULL, 91, 388, 1, 4, NULL, NULL, NULL, 0, '2022-03-08 12:43:25', '2022-03-08 12:43:25'),
(78, NULL, 92, 389, 1, 6, NULL, NULL, NULL, 0, '2022-03-08 12:45:07', '2022-03-08 12:45:07'),
(79, NULL, 93, 390, 9, 4, NULL, NULL, NULL, 0, '2022-03-08 12:48:36', '2022-03-08 12:48:36'),
(80, NULL, 94, 391, 5, 4, NULL, NULL, NULL, 0, '2022-03-08 12:49:48', '2022-03-08 12:49:48'),
(81, NULL, 95, 392, 7, 4, NULL, NULL, NULL, 0, '2022-03-08 12:51:03', '2022-03-08 12:51:03'),
(82, NULL, 96, 393, 9, 4, NULL, NULL, NULL, 0, '2022-03-08 12:52:43', '2022-03-08 12:52:43'),
(83, NULL, 97, 394, 3, 4, NULL, NULL, NULL, 0, '2022-03-08 12:53:48', '2022-03-08 12:53:48'),
(84, NULL, 98, 395, 8, 4, NULL, NULL, NULL, 0, '2022-03-08 13:07:02', '2022-03-08 13:07:02'),
(85, NULL, 99, 396, 7, 6, NULL, NULL, NULL, 0, '2022-03-08 13:08:30', '2022-03-08 13:08:30'),
(86, NULL, 100, 397, 9, 6, NULL, NULL, NULL, 0, '2022-03-08 13:12:28', '2022-03-08 13:12:28'),
(87, NULL, 101, 398, 13, 10, NULL, NULL, NULL, 0, '2022-03-08 13:13:44', '2022-03-08 13:13:44'),
(88, NULL, 102, 399, 8, 10, NULL, NULL, NULL, 0, '2022-03-08 13:15:17', '2022-03-08 13:15:17'),
(89, NULL, 103, 400, 2, 4, NULL, NULL, NULL, 0, '2022-03-08 13:16:15', '2022-03-08 13:16:15'),
(90, NULL, 104, 401, 7, 4, NULL, NULL, NULL, 0, '2022-03-08 13:18:05', '2022-03-08 13:18:05'),
(91, NULL, 105, 402, 1, 4, NULL, NULL, NULL, 0, '2022-03-08 13:19:23', '2022-03-08 13:19:23'),
(92, NULL, 106, 402, 1, 6, NULL, NULL, NULL, 0, '2022-03-09 01:17:05', '2022-03-09 01:17:05'),
(93, NULL, 107, 403, 1, 4, NULL, NULL, NULL, 0, '2022-03-09 04:02:40', '2022-03-09 04:02:40'),
(94, NULL, 108, 477, 2, 8, NULL, NULL, NULL, 0, '2022-03-09 13:28:50', '2022-03-09 13:28:50'),
(95, 7, NULL, NULL, 2, 37, 37, NULL, NULL, 0, '2022-03-10 03:01:42', '2022-03-10 03:01:42'),
(96, NULL, 110, 438, 3, 3, NULL, NULL, NULL, 0, '2022-03-10 15:04:12', '2022-03-10 15:04:12'),
(97, NULL, 111, 428, 13, 1, NULL, NULL, NULL, 0, '2022-03-10 15:06:46', '2022-03-10 15:06:46'),
(98, NULL, 112, 6, 1, 3, NULL, NULL, NULL, 0, '2022-03-11 06:28:52', '2022-03-11 06:28:52'),
(99, NULL, 113, 6, 1, 3, NULL, NULL, NULL, 0, '2022-03-11 06:33:52', '2022-03-11 06:33:52'),
(100, NULL, 114, 6, 1, 5, NULL, NULL, NULL, 0, '2022-03-11 06:34:55', '2022-03-11 06:34:55'),
(101, NULL, 115, 6, 1, 6, NULL, NULL, NULL, 0, '2022-03-11 06:36:09', '2022-03-11 06:36:09'),
(102, NULL, 116, 6, 2, 4, NULL, NULL, NULL, 0, '2022-03-11 06:43:06', '2022-03-11 06:43:06'),
(103, NULL, 117, 6, 1, 5, NULL, NULL, NULL, 0, '2022-03-11 07:21:11', '2022-03-11 07:21:11');

-- --------------------------------------------------------

--
-- Table structure for table `stock_out_office_supply`
--

CREATE TABLE `stock_out_office_supply` (
  `stock_out_office_supply_id` bigint(20) NOT NULL,
  `stock_out_id` bigint(20) DEFAULT NULL,
  `stock_in_office_supply_id` bigint(20) DEFAULT NULL,
  `office_supply_id` bigint(20) DEFAULT NULL,
  `quantity` int(11) DEFAULT NULL,
  `remaining` int(11) DEFAULT NULL,
  `batch` varchar(100) DEFAULT NULL,
  `expiration` date DEFAULT NULL,
  `is_deleted` int(11) DEFAULT 0,
  `created_at` timestamp NULL DEFAULT current_timestamp(),
  `updated_at` timestamp NULL DEFAULT current_timestamp() ON UPDATE current_timestamp()
) ENGINE=InnoDB DEFAULT CHARSET=utf8mb4;

-- --------------------------------------------------------

--
-- Table structure for table `surgery_history`
--

CREATE TABLE `surgery_history` (
  `surgery_history_id` bigint(20) NOT NULL,
  `medical_history_id` bigint(20) DEFAULT NULL,
  `patient_id` bigint(20) DEFAULT NULL,
  `year` varchar(50) DEFAULT NULL,
  `reason` text DEFAULT NULL,
  `hospital` text DEFAULT NULL,
  `is_deleted` int(11) DEFAULT 0,
  `created_at` timestamp NULL DEFAULT current_timestamp(),
  `updated_at` timestamp NULL DEFAULT current_timestamp() ON UPDATE current_timestamp()
) ENGINE=InnoDB DEFAULT CHARSET=utf8mb4;

--
-- Dumping data for table `surgery_history`
--

INSERT INTO `surgery_history` (`surgery_history_id`, `medical_history_id`, `patient_id`, `year`, `reason`, `hospital`, `is_deleted`, `created_at`, `updated_at`) VALUES
(1, 1, 2, 'test', 'test', 'test', 0, '2022-01-09 02:51:15', '2022-01-09 02:51:15'),
(2, 1, 2, 'test', 'test', 'test', 0, '2022-01-09 02:51:15', '2022-01-09 02:51:15'),
(3, 2, 4, 'test', 'test', 'test', 0, '2022-01-09 02:55:50', '2022-01-09 02:55:50'),
(4, 3, 1, '1999', 'test', 'test', 0, '2022-02-25 08:56:09', '2022-02-25 08:56:09'),
(5, 13, 370, '', '', '', 0, '2022-03-07 13:39:03', '2022-03-07 13:39:03'),
(6, 14, 372, '', '', '', 0, '2022-03-07 13:41:51', '2022-03-07 13:41:51'),
(7, 15, 333, '', '', '', 0, '2022-03-08 10:20:32', '2022-03-08 10:20:32'),
(8, 16, 336, '', '', '', 0, '2022-03-08 10:23:24', '2022-03-08 10:23:24'),
(9, 17, 351, '', '', '', 0, '2022-03-08 10:25:51', '2022-03-08 10:25:51'),
(10, 19, 381, '', '', '', 0, '2022-03-08 10:30:06', '2022-03-08 10:30:06'),
(11, 20, 385, '', '', '', 0, '2022-03-08 10:32:24', '2022-03-08 10:32:24'),
(12, 21, 387, '', '', '', 0, '2022-03-08 10:35:28', '2022-03-08 10:35:28'),
(13, 22, 389, '', '', '', 0, '2022-03-08 10:37:39', '2022-03-08 10:37:39'),
(14, 23, 391, '', '', '', 0, '2022-03-08 10:39:24', '2022-03-08 10:39:24'),
(15, 24, 402, '', '', '', 0, '2022-03-08 10:50:08', '2022-03-08 10:50:08'),
(16, 25, 393, '', '', '', 0, '2022-03-08 10:56:12', '2022-03-08 10:56:12'),
(17, 26, 395, '', '', '', 0, '2022-03-08 11:02:43', '2022-03-08 11:02:43'),
(18, 27, 397, '', '', '', 0, '2022-03-08 11:05:18', '2022-03-08 11:05:18'),
(19, 28, 399, '', '', '', 0, '2022-03-08 11:06:57', '2022-03-08 11:06:57'),
(20, 29, 401, '', '', '', 0, '2022-03-08 11:08:43', '2022-03-08 11:08:43'),
(21, 30, 403, '', '', '', 0, '2022-03-09 04:02:40', '2022-03-09 04:02:40'),
(22, 31, 341, '', '', '', 0, '2022-03-10 03:05:48', '2022-03-10 03:05:48'),
(23, 32, 438, '', '', '', 0, '2022-03-10 15:04:12', '2022-03-10 15:04:12');

-- --------------------------------------------------------

--
-- Table structure for table `surveys`
--

CREATE TABLE `surveys` (
  `survey_id` bigint(20) NOT NULL,
  `check_up_id` bigint(20) DEFAULT NULL,
  `patient_id` bigint(20) DEFAULT NULL,
  `status` int(11) DEFAULT 0,
  `q1` int(11) DEFAULT NULL,
  `q2` int(11) DEFAULT NULL,
  `q3` int(11) DEFAULT NULL,
  `q4` int(11) DEFAULT NULL,
  `q5` int(11) DEFAULT NULL,
  `q6` int(11) DEFAULT NULL,
  `q7` int(11) DEFAULT NULL,
  `q8` int(11) DEFAULT NULL,
  `q9` int(11) DEFAULT NULL,
  `q10` int(11) DEFAULT NULL,
  `comments` text DEFAULT NULL,
  `is_deleted` int(11) DEFAULT 0,
  `created_at` timestamp NULL DEFAULT current_timestamp(),
  `updated_at` timestamp NULL DEFAULT current_timestamp() ON UPDATE current_timestamp()
) ENGINE=InnoDB DEFAULT CHARSET=utf8mb4;

--
-- Dumping data for table `surveys`
--

INSERT INTO `surveys` (`survey_id`, `check_up_id`, `patient_id`, `status`, `q1`, `q2`, `q3`, `q4`, `q5`, `q6`, `q7`, `q8`, `q9`, `q10`, `comments`, `is_deleted`, `created_at`, `updated_at`) VALUES
(1, 1, 1, 1, 5, 4, 3, 2, 1, 2, 3, 4, 5, 4, NULL, 1, '2021-12-05 05:39:20', '2022-03-07 02:27:34'),
(2, 2, 1, 1, 1, 1, 2, 1, 2, 1, 1, 1, 1, 4, NULL, 1, '2021-08-05 05:39:20', '2022-03-07 02:27:39'),
(3, 7, 2, 1, 5, 5, 5, 5, 5, 5, 5, 5, 5, 5, NULL, 0, '2022-01-09 02:43:07', '2022-03-07 02:28:53'),
(4, 8, 2, 1, 5, 5, 5, 5, 5, 5, 5, 5, 5, 5, NULL, 0, '2022-01-09 02:51:16', '2022-03-07 02:30:40'),
(5, 9, 4, 1, 5, 5, 5, 5, 5, 5, 5, 5, 5, 5, NULL, 0, '2022-01-09 02:55:50', '2022-03-07 02:31:23'),
(6, 10, 1, 0, NULL, NULL, NULL, NULL, NULL, NULL, NULL, NULL, NULL, NULL, NULL, 1, '2022-01-09 03:44:42', '2022-03-07 02:26:58'),
(7, 11, 1, 0, NULL, NULL, NULL, NULL, NULL, NULL, NULL, NULL, NULL, NULL, NULL, 1, '2022-02-25 08:56:10', '2022-03-07 02:27:23'),
(8, 12, 2, 1, 5, 5, 5, 5, 5, 5, 5, 5, 5, 5, NULL, 0, '2022-02-25 10:50:18', '2022-03-07 02:32:10'),
(9, 13, 1, 0, NULL, NULL, NULL, NULL, NULL, NULL, NULL, NULL, NULL, NULL, NULL, 1, '2022-02-25 10:52:23', '2022-03-07 02:27:13'),
(10, 14, 1, 0, NULL, NULL, NULL, NULL, NULL, NULL, NULL, NULL, NULL, NULL, NULL, 1, '2022-02-25 10:54:07', '2022-03-07 02:27:05'),
(11, 15, 2, 1, 5, 4, 5, 4, 3, 5, 4, 4, 4, 4, NULL, 0, '2022-02-25 10:54:37', '2022-03-07 02:33:23'),
(12, 16, 6, 1, 5, 5, 5, 5, 5, 5, 5, 5, 5, 5, NULL, 0, '2022-03-07 02:57:18', '2022-03-07 03:10:41'),
(13, 17, 5, 1, 4, 4, 4, 4, 4, 4, 4, 4, 4, 4, NULL, 0, '2022-03-07 03:05:00', '2022-03-07 03:11:26'),
(14, 18, 327, 1, 5, 5, 5, 5, 5, 5, 5, 5, 5, 5, NULL, 0, '2022-03-07 06:22:01', '2022-03-07 09:01:01'),
(15, 19, 328, 1, 5, 5, 5, 5, 5, 5, 5, 5, 5, 5, NULL, 0, '2022-03-07 06:44:27', '2022-03-07 09:01:37'),
(16, 20, 330, 1, 5, 4, 5, 5, 5, 4, 5, 5, 5, 5, NULL, 0, '2022-03-07 08:23:28', '2022-03-07 09:02:15'),
(17, 21, 332, 1, 5, 5, 5, 5, 5, 5, 5, 5, 5, 5, NULL, 0, '2022-03-07 08:24:41', '2022-03-07 09:02:52'),
(18, 22, 339, 1, 5, 5, 5, 5, 5, 5, 5, 5, 5, 5, NULL, 0, '2022-03-07 08:26:51', '2022-03-07 09:03:48'),
(19, 23, 350, 1, 5, 5, 5, 5, 5, 5, 4, 3, 5, 5, NULL, 0, '2022-03-07 08:27:42', '2022-03-07 09:04:56'),
(20, 24, 354, 1, 5, 4, 4, 4, 3, 4, 3, 4, 5, 4, NULL, 0, '2022-03-07 08:28:36', '2022-03-07 09:06:08'),
(21, 25, 329, 1, 5, 5, 5, 5, 5, 5, 5, 5, 5, 5, NULL, 0, '2022-03-07 08:30:01', '2022-03-07 09:05:30'),
(22, 26, 330, 1, 5, 5, 5, 5, 5, 5, 5, 5, 5, 5, NULL, 0, '2022-03-07 08:30:39', '2022-03-07 09:06:39'),
(23, 27, 331, 1, 5, 4, 4, 4, 4, 5, 4, 4, 5, 4, NULL, 0, '2022-03-07 08:31:17', '2022-03-07 09:07:14'),
(24, 28, 332, 1, 5, 5, 4, 5, 4, 5, 4, 5, 4, 5, NULL, 0, '2022-03-07 08:32:04', '2022-03-07 09:08:15'),
(25, 29, 334, 1, 5, 5, 5, 5, 5, 5, 5, 5, 5, 5, NULL, 0, '2022-03-07 08:32:32', '2022-03-07 09:08:45'),
(26, 30, 339, 1, 5, 5, 4, 4, 5, 4, 5, 4, 5, 4, NULL, 0, '2022-03-07 08:33:14', '2022-03-07 09:09:24'),
(27, 31, 340, 1, 5, 5, 5, 5, 5, 5, 5, 5, 5, 5, NULL, 0, '2022-03-07 08:33:51', '2022-03-07 09:10:12'),
(28, 32, 342, 1, 5, 5, 5, 5, 5, 5, 5, 5, 5, 5, NULL, 0, '2022-03-07 08:34:20', '2022-03-07 09:10:50'),
(29, 33, 347, 1, 5, 5, 5, 5, 5, 5, 5, 5, 5, 5, NULL, 0, '2022-03-07 08:34:54', '2022-03-07 09:11:16'),
(30, 34, 349, 1, 5, 5, 5, 5, 5, 5, 5, 5, 5, 5, NULL, 0, '2022-03-07 08:35:26', '2022-03-07 09:11:47'),
(31, 35, 350, 1, 5, 4, 5, 4, 4, 4, 4, 4, 5, 4, NULL, 0, '2022-03-07 08:36:05', '2022-03-07 09:13:21'),
(32, 36, 354, 1, 5, 4, 5, 4, 5, 4, 5, 4, 5, 4, NULL, 0, '2022-03-07 08:37:06', '2022-03-07 09:12:11'),
(33, 37, 357, 1, 5, 5, 4, 3, 4, 4, 3, 4, 4, 4, NULL, 0, '2022-03-07 08:37:49', '2022-03-07 09:14:22'),
(34, 38, 359, 1, 5, 5, 4, 4, 4, 5, 4, 4, 4, 4, NULL, 0, '2022-03-07 08:38:21', '2022-03-07 09:12:43'),
(35, 39, 362, 1, 5, 5, 5, 5, 4, 4, 4, 5, 4, 5, NULL, 0, '2022-03-07 08:38:54', '2022-03-07 09:13:42'),
(36, 40, 363, 1, 4, 4, 4, 3, 4, 3, 4, 4, 4, 4, NULL, 0, '2022-03-07 13:09:45', '2022-03-10 15:24:22'),
(37, 41, 364, 0, NULL, NULL, NULL, NULL, NULL, NULL, NULL, NULL, NULL, NULL, NULL, 0, '2022-03-07 13:24:01', '2022-03-07 13:24:01'),
(38, 42, 369, 0, NULL, NULL, NULL, NULL, NULL, NULL, NULL, NULL, NULL, NULL, NULL, 0, '2022-03-07 13:37:32', '2022-03-07 13:37:32'),
(39, 43, 370, 0, NULL, NULL, NULL, NULL, NULL, NULL, NULL, NULL, NULL, NULL, NULL, 0, '2022-03-07 13:39:04', '2022-03-07 13:39:04'),
(40, 44, 370, 0, NULL, NULL, NULL, NULL, NULL, NULL, NULL, NULL, NULL, NULL, NULL, 0, '2022-03-07 13:40:27', '2022-03-07 13:40:27'),
(41, 45, 372, 0, NULL, NULL, NULL, NULL, NULL, NULL, NULL, NULL, NULL, NULL, NULL, 0, '2022-03-07 13:41:52', '2022-03-07 13:41:52'),
(42, 46, 363, 0, NULL, NULL, NULL, NULL, NULL, NULL, NULL, NULL, NULL, NULL, NULL, 0, '2022-03-07 13:44:25', '2022-03-07 13:44:25'),
(43, 47, 364, 0, NULL, NULL, NULL, NULL, NULL, NULL, NULL, NULL, NULL, NULL, NULL, 0, '2022-03-07 13:45:03', '2022-03-07 13:45:03'),
(44, 48, 365, 0, NULL, NULL, NULL, NULL, NULL, NULL, NULL, NULL, NULL, NULL, NULL, 0, '2022-03-07 13:45:32', '2022-03-07 13:45:32'),
(45, 49, 366, 0, NULL, NULL, NULL, NULL, NULL, NULL, NULL, NULL, NULL, NULL, NULL, 0, '2022-03-07 13:46:20', '2022-03-07 13:46:20'),
(46, 50, 367, 0, NULL, NULL, NULL, NULL, NULL, NULL, NULL, NULL, NULL, NULL, NULL, 0, '2022-03-07 13:47:52', '2022-03-07 13:47:52'),
(47, 51, 368, 0, NULL, NULL, NULL, NULL, NULL, NULL, NULL, NULL, NULL, NULL, NULL, 0, '2022-03-07 13:48:30', '2022-03-07 13:48:30'),
(48, 52, 369, 0, NULL, NULL, NULL, NULL, NULL, NULL, NULL, NULL, NULL, NULL, NULL, 0, '2022-03-07 13:49:11', '2022-03-07 13:49:11'),
(49, 53, 370, 0, NULL, NULL, NULL, NULL, NULL, NULL, NULL, NULL, NULL, NULL, NULL, 0, '2022-03-07 13:49:45', '2022-03-07 13:49:45'),
(50, 54, 371, 0, NULL, NULL, NULL, NULL, NULL, NULL, NULL, NULL, NULL, NULL, NULL, 0, '2022-03-07 13:50:21', '2022-03-07 13:50:21'),
(51, 55, 372, 0, NULL, NULL, NULL, NULL, NULL, NULL, NULL, NULL, NULL, NULL, NULL, 0, '2022-03-07 13:51:16', '2022-03-07 13:51:16'),
(52, 56, 333, 0, NULL, NULL, NULL, NULL, NULL, NULL, NULL, NULL, NULL, NULL, NULL, 0, '2022-03-08 10:20:33', '2022-03-08 10:20:33'),
(53, 57, 336, 0, NULL, NULL, NULL, NULL, NULL, NULL, NULL, NULL, NULL, NULL, NULL, 0, '2022-03-08 10:23:24', '2022-03-08 10:23:24'),
(54, 58, 351, 0, NULL, NULL, NULL, NULL, NULL, NULL, NULL, NULL, NULL, NULL, NULL, 0, '2022-03-08 10:25:51', '2022-03-08 10:25:51'),
(55, 59, 379, 0, NULL, NULL, NULL, NULL, NULL, NULL, NULL, NULL, NULL, NULL, NULL, 0, '2022-03-08 10:28:02', '2022-03-08 10:28:02'),
(56, 60, 381, 0, NULL, NULL, NULL, NULL, NULL, NULL, NULL, NULL, NULL, NULL, NULL, 0, '2022-03-08 10:30:06', '2022-03-08 10:30:06'),
(57, 61, 385, 0, NULL, NULL, NULL, NULL, NULL, NULL, NULL, NULL, NULL, NULL, NULL, 0, '2022-03-08 10:32:24', '2022-03-08 10:32:24'),
(58, 62, 387, 0, NULL, NULL, NULL, NULL, NULL, NULL, NULL, NULL, NULL, NULL, NULL, 0, '2022-03-08 10:35:28', '2022-03-08 10:35:28'),
(59, 63, 389, 0, NULL, NULL, NULL, NULL, NULL, NULL, NULL, NULL, NULL, NULL, NULL, 0, '2022-03-08 10:37:39', '2022-03-08 10:37:39'),
(60, 64, 391, 0, NULL, NULL, NULL, NULL, NULL, NULL, NULL, NULL, NULL, NULL, NULL, 0, '2022-03-08 10:39:24', '2022-03-08 10:39:24'),
(61, 65, 402, 0, NULL, NULL, NULL, NULL, NULL, NULL, NULL, NULL, NULL, NULL, NULL, 0, '2022-03-08 10:50:09', '2022-03-08 10:50:09'),
(62, 66, 393, 0, NULL, NULL, NULL, NULL, NULL, NULL, NULL, NULL, NULL, NULL, NULL, 0, '2022-03-08 10:56:13', '2022-03-08 10:56:13'),
(63, 67, 395, 0, NULL, NULL, NULL, NULL, NULL, NULL, NULL, NULL, NULL, NULL, NULL, 0, '2022-03-08 11:02:43', '2022-03-08 11:02:43'),
(64, 68, 397, 0, NULL, NULL, NULL, NULL, NULL, NULL, NULL, NULL, NULL, NULL, NULL, 0, '2022-03-08 11:05:18', '2022-03-08 11:05:18'),
(65, 69, 399, 0, NULL, NULL, NULL, NULL, NULL, NULL, NULL, NULL, NULL, NULL, NULL, 0, '2022-03-08 11:06:57', '2022-03-08 11:06:57'),
(66, 70, 401, 0, NULL, NULL, NULL, NULL, NULL, NULL, NULL, NULL, NULL, NULL, NULL, 0, '2022-03-08 11:08:43', '2022-03-08 11:08:43'),
(67, 71, 333, 0, NULL, NULL, NULL, NULL, NULL, NULL, NULL, NULL, NULL, NULL, NULL, 0, '2022-03-08 11:15:06', '2022-03-08 11:15:06'),
(68, 72, 335, 0, NULL, NULL, NULL, NULL, NULL, NULL, NULL, NULL, NULL, NULL, NULL, 0, '2022-03-08 11:16:18', '2022-03-08 11:16:18'),
(69, 73, 336, 0, NULL, NULL, NULL, NULL, NULL, NULL, NULL, NULL, NULL, NULL, NULL, 0, '2022-03-08 11:19:12', '2022-03-08 11:19:12'),
(70, 74, 343, 0, NULL, NULL, NULL, NULL, NULL, NULL, NULL, NULL, NULL, NULL, NULL, 0, '2022-03-08 11:20:18', '2022-03-08 11:20:18'),
(71, 75, 348, 0, NULL, NULL, NULL, NULL, NULL, NULL, NULL, NULL, NULL, NULL, NULL, 0, '2022-03-08 11:22:03', '2022-03-08 11:22:03'),
(72, 76, 351, 0, NULL, NULL, NULL, NULL, NULL, NULL, NULL, NULL, NULL, NULL, NULL, 0, '2022-03-08 11:23:17', '2022-03-08 11:23:17'),
(73, 77, 351, 0, NULL, NULL, NULL, NULL, NULL, NULL, NULL, NULL, NULL, NULL, NULL, 0, '2022-03-08 11:24:36', '2022-03-08 11:24:36'),
(74, 78, 358, 0, NULL, NULL, NULL, NULL, NULL, NULL, NULL, NULL, NULL, NULL, NULL, 0, '2022-03-08 11:25:27', '2022-03-08 11:25:27'),
(75, 79, 373, 0, NULL, NULL, NULL, NULL, NULL, NULL, NULL, NULL, NULL, NULL, NULL, 0, '2022-03-08 11:26:33', '2022-03-08 11:26:33'),
(76, 80, 376, 0, NULL, NULL, NULL, NULL, NULL, NULL, NULL, NULL, NULL, NULL, NULL, 0, '2022-03-08 11:28:04', '2022-03-08 11:28:04'),
(77, 81, 377, 0, NULL, NULL, NULL, NULL, NULL, NULL, NULL, NULL, NULL, NULL, NULL, 0, '2022-03-08 11:28:52', '2022-03-08 11:28:52'),
(78, 82, 378, 0, NULL, NULL, NULL, NULL, NULL, NULL, NULL, NULL, NULL, NULL, NULL, 0, '2022-03-08 11:29:33', '2022-03-08 11:29:33'),
(79, 83, 379, 0, NULL, NULL, NULL, NULL, NULL, NULL, NULL, NULL, NULL, NULL, NULL, 0, '2022-03-08 11:30:23', '2022-03-08 11:30:23'),
(80, 84, 380, 0, NULL, NULL, NULL, NULL, NULL, NULL, NULL, NULL, NULL, NULL, NULL, 0, '2022-03-08 12:30:51', '2022-03-08 12:30:51'),
(81, 85, 381, 0, NULL, NULL, NULL, NULL, NULL, NULL, NULL, NULL, NULL, NULL, NULL, 0, '2022-03-08 12:32:36', '2022-03-08 12:32:36'),
(82, 86, 382, 0, NULL, NULL, NULL, NULL, NULL, NULL, NULL, NULL, NULL, NULL, NULL, 0, '2022-03-08 12:33:31', '2022-03-08 12:33:31'),
(83, 87, 384, 0, NULL, NULL, NULL, NULL, NULL, NULL, NULL, NULL, NULL, NULL, NULL, 0, '2022-03-08 12:37:49', '2022-03-08 12:37:49'),
(84, 88, 385, 0, NULL, NULL, NULL, NULL, NULL, NULL, NULL, NULL, NULL, NULL, NULL, 0, '2022-03-08 12:38:58', '2022-03-08 12:38:58'),
(85, 89, 386, 0, NULL, NULL, NULL, NULL, NULL, NULL, NULL, NULL, NULL, NULL, NULL, 0, '2022-03-08 12:39:45', '2022-03-08 12:39:45'),
(86, 90, 387, 0, NULL, NULL, NULL, NULL, NULL, NULL, NULL, NULL, NULL, NULL, NULL, 0, '2022-03-08 12:41:32', '2022-03-08 12:41:32'),
(87, 91, 388, 0, NULL, NULL, NULL, NULL, NULL, NULL, NULL, NULL, NULL, NULL, NULL, 0, '2022-03-08 12:43:25', '2022-03-08 12:43:25'),
(88, 92, 389, 0, NULL, NULL, NULL, NULL, NULL, NULL, NULL, NULL, NULL, NULL, NULL, 0, '2022-03-08 12:45:07', '2022-03-08 12:45:07'),
(89, 93, 390, 0, NULL, NULL, NULL, NULL, NULL, NULL, NULL, NULL, NULL, NULL, NULL, 0, '2022-03-08 12:48:36', '2022-03-08 12:48:36'),
(90, 94, 391, 0, NULL, NULL, NULL, NULL, NULL, NULL, NULL, NULL, NULL, NULL, NULL, 0, '2022-03-08 12:49:48', '2022-03-08 12:49:48'),
(91, 95, 392, 0, NULL, NULL, NULL, NULL, NULL, NULL, NULL, NULL, NULL, NULL, NULL, 0, '2022-03-08 12:51:04', '2022-03-08 12:51:04'),
(92, 96, 393, 0, NULL, NULL, NULL, NULL, NULL, NULL, NULL, NULL, NULL, NULL, NULL, 0, '2022-03-08 12:52:43', '2022-03-08 12:52:43'),
(93, 97, 394, 0, NULL, NULL, NULL, NULL, NULL, NULL, NULL, NULL, NULL, NULL, NULL, 0, '2022-03-08 12:53:48', '2022-03-08 12:53:48'),
(94, 98, 395, 0, NULL, NULL, NULL, NULL, NULL, NULL, NULL, NULL, NULL, NULL, NULL, 0, '2022-03-08 13:07:02', '2022-03-08 13:07:02'),
(95, 99, 396, 0, NULL, NULL, NULL, NULL, NULL, NULL, NULL, NULL, NULL, NULL, NULL, 0, '2022-03-08 13:08:30', '2022-03-08 13:08:30'),
(96, 100, 397, 0, NULL, NULL, NULL, NULL, NULL, NULL, NULL, NULL, NULL, NULL, NULL, 0, '2022-03-08 13:12:28', '2022-03-08 13:12:28'),
(97, 101, 398, 0, NULL, NULL, NULL, NULL, NULL, NULL, NULL, NULL, NULL, NULL, NULL, 0, '2022-03-08 13:13:44', '2022-03-08 13:13:44'),
(98, 102, 399, 0, NULL, NULL, NULL, NULL, NULL, NULL, NULL, NULL, NULL, NULL, NULL, 0, '2022-03-08 13:15:17', '2022-03-08 13:15:17'),
(99, 103, 400, 0, NULL, NULL, NULL, NULL, NULL, NULL, NULL, NULL, NULL, NULL, NULL, 0, '2022-03-08 13:16:15', '2022-03-08 13:16:15'),
(100, 104, 401, 0, NULL, NULL, NULL, NULL, NULL, NULL, NULL, NULL, NULL, NULL, NULL, 0, '2022-03-08 13:18:05', '2022-03-08 13:18:05'),
(101, 105, 402, 0, NULL, NULL, NULL, NULL, NULL, NULL, NULL, NULL, NULL, NULL, NULL, 0, '2022-03-08 13:19:23', '2022-03-08 13:19:23'),
(102, 106, 402, 0, NULL, NULL, NULL, NULL, NULL, NULL, NULL, NULL, NULL, NULL, NULL, 0, '2022-03-09 01:17:05', '2022-03-09 01:17:05'),
(103, 107, 403, 0, NULL, NULL, NULL, NULL, NULL, NULL, NULL, NULL, NULL, NULL, NULL, 0, '2022-03-09 04:02:41', '2022-03-09 04:02:41'),
(104, 108, 477, 1, 5, 5, 5, 5, 5, 5, 5, 5, 5, 5, NULL, 0, '2022-03-09 13:28:50', '2022-03-09 13:41:23'),
(105, 109, 341, 0, NULL, NULL, NULL, NULL, NULL, NULL, NULL, NULL, NULL, NULL, NULL, 0, '2022-03-10 03:05:49', '2022-03-10 03:05:49'),
(106, 110, 438, 0, NULL, NULL, NULL, NULL, NULL, NULL, NULL, NULL, NULL, NULL, NULL, 0, '2022-03-10 15:04:12', '2022-03-10 15:04:12'),
(107, 111, 428, 0, NULL, NULL, NULL, NULL, NULL, NULL, NULL, NULL, NULL, NULL, NULL, 0, '2022-03-10 15:06:46', '2022-03-10 15:06:46'),
(108, 112, 6, 0, NULL, NULL, NULL, NULL, NULL, NULL, NULL, NULL, NULL, NULL, NULL, 0, '2022-03-11 06:28:53', '2022-03-11 06:28:53'),
(109, 113, 6, 0, NULL, NULL, NULL, NULL, NULL, NULL, NULL, NULL, NULL, NULL, NULL, 0, '2022-03-11 06:33:52', '2022-03-11 06:33:52'),
(110, 114, 6, 0, NULL, NULL, NULL, NULL, NULL, NULL, NULL, NULL, NULL, NULL, NULL, 0, '2022-03-11 06:34:55', '2022-03-11 06:34:55'),
(111, 115, 6, 0, NULL, NULL, NULL, NULL, NULL, NULL, NULL, NULL, NULL, NULL, NULL, 0, '2022-03-11 06:36:09', '2022-03-11 06:36:09'),
(112, 116, 6, 0, NULL, NULL, NULL, NULL, NULL, NULL, NULL, NULL, NULL, NULL, NULL, 0, '2022-03-11 06:43:06', '2022-03-11 06:43:06'),
(113, 117, 6, 0, NULL, NULL, NULL, NULL, NULL, NULL, NULL, NULL, NULL, NULL, NULL, 0, '2022-03-11 07:21:11', '2022-03-11 07:21:11');

-- --------------------------------------------------------

--
-- Table structure for table `system_setup`
--

CREATE TABLE `system_setup` (
  `system_setup_id` bigint(20) NOT NULL,
  `email` varchar(200) NOT NULL,
  `is_deleted` int(11) DEFAULT 0,
  `created_at` timestamp NULL DEFAULT current_timestamp(),
  `updated_at` timestamp NULL DEFAULT current_timestamp() ON UPDATE current_timestamp()
) ENGINE=InnoDB DEFAULT CHARSET=utf8mb4;

--
-- Dumping data for table `system_setup`
--

INSERT INTO `system_setup` (`system_setup_id`, `email`, `is_deleted`, `created_at`, `updated_at`) VALUES
(1, 'clinic@gmail.com', 0, '2022-01-08 08:28:10', '2022-03-09 13:58:23');

-- --------------------------------------------------------

--
-- Table structure for table `units`
--

CREATE TABLE `units` (
  `unit_id` bigint(20) NOT NULL,
  `abbreviation` varchar(45) DEFAULT NULL,
  `name` varchar(100) DEFAULT NULL,
  `is_deleted` int(11) DEFAULT 0,
  `created_at` timestamp NULL DEFAULT current_timestamp(),
  `updated_at` timestamp NULL DEFAULT current_timestamp() ON UPDATE current_timestamp()
) ENGINE=InnoDB DEFAULT CHARSET=utf8mb4;

--
-- Dumping data for table `units`
--

INSERT INTO `units` (`unit_id`, `abbreviation`, `name`, `is_deleted`, `created_at`, `updated_at`) VALUES
(1, 'box', 'Boxes', 0, '2021-12-30 06:56:30', '2021-12-30 07:11:57'),
(2, 'gal', 'Gallons', 1, '2021-12-30 07:09:55', '2021-12-31 14:53:20'),
(3, '321', 'Boxes', 1, '2021-12-30 07:12:31', '2021-12-30 07:12:57'),
(4, 'gal', 'Gallon', 0, '2022-01-01 13:48:40', '2022-01-01 13:48:40'),
(5, 'pcs', 'Pieces', 0, '2022-01-01 13:50:18', '2022-01-01 13:50:18');

-- --------------------------------------------------------

--
-- Table structure for table `users`
--

CREATE TABLE `users` (
  `user_id` bigint(20) NOT NULL,
  `user_code` varchar(45) DEFAULT NULL,
  `role_id` bigint(20) DEFAULT NULL,
  `firstname` varchar(100) DEFAULT NULL,
  `middlename` varchar(100) DEFAULT NULL,
  `lastname` varchar(100) DEFAULT NULL,
  `suffix` varchar(45) DEFAULT NULL,
  `gender` varchar(45) DEFAULT NULL,
  `age` varchar(45) DEFAULT NULL,
  `email` varchar(100) DEFAULT NULL,
  `password` varchar(100) DEFAULT NULL,
  `is_deleted` int(11) DEFAULT 0,
  `created_at` timestamp NULL DEFAULT current_timestamp(),
  `updated_at` timestamp NULL DEFAULT current_timestamp() ON UPDATE current_timestamp()
) ENGINE=InnoDB DEFAULT CHARSET=utf8mb4;

--
-- Dumping data for table `users`
--

INSERT INTO `users` (`user_id`, `user_code`, `role_id`, `firstname`, `middlename`, `lastname`, `suffix`, `gender`, `age`, `email`, `password`, `is_deleted`, `created_at`, `updated_at`) VALUES
(1, 'US-000001', 1, 'Akosin', '', 'Admin', '', 'Female', '20', 'admin@gmail.com', 'admin', 0, '2021-12-02 06:18:25', '2021-12-04 15:32:32'),
(2, NULL, NULL, 'TEST', '', 'Admin', '', 'Male', '18', 'test@gmail.com', 'test', 1, '2021-12-04 11:33:02', '2021-12-04 11:34:21');

-- --------------------------------------------------------

--
-- Table structure for table `years`
--

CREATE TABLE `years` (
  `year_id` bigint(20) NOT NULL,
  `course_id` bigint(20) DEFAULT NULL,
  `name` varchar(45) DEFAULT NULL,
  `is_deleted` int(11) DEFAULT 0,
  `created_at` timestamp NULL DEFAULT current_timestamp(),
  `updated_at` timestamp NULL DEFAULT current_timestamp() ON UPDATE current_timestamp()
) ENGINE=InnoDB DEFAULT CHARSET=utf8mb4;

--
-- Dumping data for table `years`
--

INSERT INTO `years` (`year_id`, `course_id`, `name`, `is_deleted`, `created_at`, `updated_at`) VALUES
(1, 1, '101G', 1, '2021-12-30 07:30:45', '2021-12-30 07:31:07'),
(2, 1, '1st Year', 0, '2021-12-30 07:30:58', '2022-03-07 06:40:18'),
(3, 1, '2nd Year', 0, '2021-12-30 07:31:17', '2022-03-07 06:40:37'),
(4, 1, '3rd Year', 0, '2022-03-07 06:38:35', '2022-03-07 06:38:35'),
(5, 1, '4th Year', 0, '2022-03-07 06:38:59', '2022-03-07 06:38:59'),
(6, 2, '1st Year', 0, '2022-03-07 06:39:22', '2022-03-07 06:39:22'),
(7, 2, '2nd Year', 0, '2022-03-07 06:39:36', '2022-03-07 06:39:36'),
(8, 2, '3rd Year', 0, '2022-03-07 06:39:53', '2022-03-07 06:39:53'),
(9, 2, '4th Year', 0, '2022-03-07 06:40:59', '2022-03-07 06:40:59'),
(10, 3, '1st Year', 0, '2022-03-07 06:41:11', '2022-03-07 06:41:11'),
(11, 3, '2nd Year', 0, '2022-03-07 06:41:21', '2022-03-07 06:41:21'),
(12, 3, '3rd Year', 0, '2022-03-07 06:41:31', '2022-03-07 06:41:31'),
(13, 3, '4th Year', 0, '2022-03-07 06:42:02', '2022-03-07 06:42:02'),
(14, 5, '1st Year', 0, '2022-03-07 06:42:24', '2022-03-07 06:42:24'),
(15, 5, '2nd Year', 0, '2022-03-07 06:42:45', '2022-03-07 06:42:45'),
(16, 5, '3rd Year', 0, '2022-03-07 06:42:58', '2022-03-07 06:42:58'),
(17, 5, '4th Year', 0, '2022-03-07 06:43:13', '2022-03-07 06:43:13');

--
-- Indexes for dumped tables
--

--
-- Indexes for table `allergy_medication_history`
--
ALTER TABLE `allergy_medication_history`
  ADD PRIMARY KEY (`allergy_medication_history_id`);

--
-- Indexes for table `announcements`
--
ALTER TABLE `announcements`
  ADD PRIMARY KEY (`announcement_id`);

--
-- Indexes for table `care_equipments`
--
ALTER TABLE `care_equipments`
  ADD PRIMARY KEY (`care_equipment_id`);

--
-- Indexes for table `category`
--
ALTER TABLE `category`
  ADD PRIMARY KEY (`category_id`);

--
-- Indexes for table `check_ups`
--
ALTER TABLE `check_ups`
  ADD PRIMARY KEY (`check_up_id`);

--
-- Indexes for table `check_up_care_equipments`
--
ALTER TABLE `check_up_care_equipments`
  ADD PRIMARY KEY (`check_up_care_equipment_id`);

--
-- Indexes for table `check_up_medicines`
--
ALTER TABLE `check_up_medicines`
  ADD PRIMARY KEY (`check_up_medicine_id`);

--
-- Indexes for table `check_up_treatments`
--
ALTER TABLE `check_up_treatments`
  ADD PRIMARY KEY (`check_up_treatment_id`);

--
-- Indexes for table `clinical_case_records`
--
ALTER TABLE `clinical_case_records`
  ADD PRIMARY KEY (`clinical_case_record_id`);

--
-- Indexes for table `clinic_appointments`
--
ALTER TABLE `clinic_appointments`
  ADD PRIMARY KEY (`clinic_appointment_id`);

--
-- Indexes for table `courses`
--
ALTER TABLE `courses`
  ADD PRIMARY KEY (`course_id`);

--
-- Indexes for table `dental_certificates`
--
ALTER TABLE `dental_certificates`
  ADD PRIMARY KEY (`dental_certificate_id`);

--
-- Indexes for table `first_aid_kits`
--
ALTER TABLE `first_aid_kits`
  ADD PRIMARY KEY (`first_aid_kit_id`);

--
-- Indexes for table `hospitalization_history`
--
ALTER TABLE `hospitalization_history`
  ADD PRIMARY KEY (`hospitalization_history_id`);

--
-- Indexes for table `measurements`
--
ALTER TABLE `measurements`
  ADD PRIMARY KEY (`measurement_id`);

--
-- Indexes for table `medical_history`
--
ALTER TABLE `medical_history`
  ADD PRIMARY KEY (`medical_history_id`);

--
-- Indexes for table `medicines`
--
ALTER TABLE `medicines`
  ADD PRIMARY KEY (`medicine_id`);

--
-- Indexes for table `medicine_transactions`
--
ALTER TABLE `medicine_transactions`
  ADD PRIMARY KEY (`medicine_transaction_id`);

--
-- Indexes for table `messages`
--
ALTER TABLE `messages`
  ADD PRIMARY KEY (`message_id`);

--
-- Indexes for table `monitoring_forms`
--
ALTER TABLE `monitoring_forms`
  ADD PRIMARY KEY (`monitoring_form_id`);

--
-- Indexes for table `monitoring_form_items`
--
ALTER TABLE `monitoring_form_items`
  ADD PRIMARY KEY (`monitoring_form_item_id`);

--
-- Indexes for table `office_supply`
--
ALTER TABLE `office_supply`
  ADD PRIMARY KEY (`office_supply_id`);

--
-- Indexes for table `patients`
--
ALTER TABLE `patients`
  ADD PRIMARY KEY (`patient_id`);

--
-- Indexes for table `patient_type`
--
ALTER TABLE `patient_type`
  ADD PRIMARY KEY (`patient_type_id`);

--
-- Indexes for table `personal_health_history`
--
ALTER TABLE `personal_health_history`
  ADD PRIMARY KEY (`personal_health_history_id`);

--
-- Indexes for table `prescribed_drug_history`
--
ALTER TABLE `prescribed_drug_history`
  ADD PRIMARY KEY (`prescribed_drug_history_id`);

--
-- Indexes for table `purchase_request`
--
ALTER TABLE `purchase_request`
  ADD PRIMARY KEY (`purchase_request_id`);

--
-- Indexes for table `purchase_request_care_equipment`
--
ALTER TABLE `purchase_request_care_equipment`
  ADD PRIMARY KEY (`purchase_request_care_equipment_id`);

--
-- Indexes for table `purchase_request_medicine`
--
ALTER TABLE `purchase_request_medicine`
  ADD PRIMARY KEY (`purchase_request_medicine_id`);

--
-- Indexes for table `purchase_request_office_supply`
--
ALTER TABLE `purchase_request_office_supply`
  ADD PRIMARY KEY (`purchase_request_office_supply_id`);

--
-- Indexes for table `referral_forms`
--
ALTER TABLE `referral_forms`
  ADD PRIMARY KEY (`referral_form_id`);

--
-- Indexes for table `refer_drug_history`
--
ALTER TABLE `refer_drug_history`
  ADD PRIMARY KEY (`refer_drug_history_id`);

--
-- Indexes for table `roles`
--
ALTER TABLE `roles`
  ADD PRIMARY KEY (`role_id`);

--
-- Indexes for table `sections`
--
ALTER TABLE `sections`
  ADD PRIMARY KEY (`section_id`);

--
-- Indexes for table `services`
--
ALTER TABLE `services`
  ADD PRIMARY KEY (`service_id`);

--
-- Indexes for table `stock_in`
--
ALTER TABLE `stock_in`
  ADD PRIMARY KEY (`stock_in_id`);

--
-- Indexes for table `stock_in_care_equipment`
--
ALTER TABLE `stock_in_care_equipment`
  ADD PRIMARY KEY (`stock_in_care_equipment_id`);

--
-- Indexes for table `stock_in_medicine`
--
ALTER TABLE `stock_in_medicine`
  ADD PRIMARY KEY (`stock_in_medicine_id`);

--
-- Indexes for table `stock_in_office_supply`
--
ALTER TABLE `stock_in_office_supply`
  ADD PRIMARY KEY (`stock_in_office_supply_id`);

--
-- Indexes for table `stock_out`
--
ALTER TABLE `stock_out`
  ADD PRIMARY KEY (`stock_out_id`);

--
-- Indexes for table `stock_out_care_equipment`
--
ALTER TABLE `stock_out_care_equipment`
  ADD PRIMARY KEY (`stock_out_care_equipment_id`);

--
-- Indexes for table `stock_out_medicine`
--
ALTER TABLE `stock_out_medicine`
  ADD PRIMARY KEY (`stock_out_medicine_id`);

--
-- Indexes for table `stock_out_office_supply`
--
ALTER TABLE `stock_out_office_supply`
  ADD PRIMARY KEY (`stock_out_office_supply_id`);

--
-- Indexes for table `surgery_history`
--
ALTER TABLE `surgery_history`
  ADD PRIMARY KEY (`surgery_history_id`);

--
-- Indexes for table `surveys`
--
ALTER TABLE `surveys`
  ADD PRIMARY KEY (`survey_id`);

--
-- Indexes for table `system_setup`
--
ALTER TABLE `system_setup`
  ADD PRIMARY KEY (`system_setup_id`);

--
-- Indexes for table `units`
--
ALTER TABLE `units`
  ADD PRIMARY KEY (`unit_id`);

--
-- Indexes for table `users`
--
ALTER TABLE `users`
  ADD PRIMARY KEY (`user_id`);

--
-- Indexes for table `years`
--
ALTER TABLE `years`
  ADD PRIMARY KEY (`year_id`);

--
-- AUTO_INCREMENT for dumped tables
--

--
-- AUTO_INCREMENT for table `allergy_medication_history`
--
ALTER TABLE `allergy_medication_history`
  MODIFY `allergy_medication_history_id` bigint(20) NOT NULL AUTO_INCREMENT, AUTO_INCREMENT=25;

--
-- AUTO_INCREMENT for table `announcements`
--
ALTER TABLE `announcements`
  MODIFY `announcement_id` bigint(20) NOT NULL AUTO_INCREMENT, AUTO_INCREMENT=2;

--
-- AUTO_INCREMENT for table `care_equipments`
--
ALTER TABLE `care_equipments`
  MODIFY `care_equipment_id` bigint(20) NOT NULL AUTO_INCREMENT, AUTO_INCREMENT=6;

--
-- AUTO_INCREMENT for table `category`
--
ALTER TABLE `category`
  MODIFY `category_id` bigint(20) NOT NULL AUTO_INCREMENT, AUTO_INCREMENT=3;

--
-- AUTO_INCREMENT for table `check_ups`
--
ALTER TABLE `check_ups`
  MODIFY `check_up_id` bigint(20) NOT NULL AUTO_INCREMENT, AUTO_INCREMENT=118;

--
-- AUTO_INCREMENT for table `check_up_care_equipments`
--
ALTER TABLE `check_up_care_equipments`
  MODIFY `check_up_care_equipment_id` bigint(20) NOT NULL AUTO_INCREMENT, AUTO_INCREMENT=3;

--
-- AUTO_INCREMENT for table `check_up_medicines`
--
ALTER TABLE `check_up_medicines`
  MODIFY `check_up_medicine_id` bigint(20) NOT NULL AUTO_INCREMENT, AUTO_INCREMENT=85;

--
-- AUTO_INCREMENT for table `check_up_treatments`
--
ALTER TABLE `check_up_treatments`
  MODIFY `check_up_treatment_id` bigint(20) NOT NULL AUTO_INCREMENT;

--
-- AUTO_INCREMENT for table `clinical_case_records`
--
ALTER TABLE `clinical_case_records`
  MODIFY `clinical_case_record_id` bigint(20) NOT NULL AUTO_INCREMENT, AUTO_INCREMENT=4;

--
-- AUTO_INCREMENT for table `clinic_appointments`
--
ALTER TABLE `clinic_appointments`
  MODIFY `clinic_appointment_id` bigint(20) NOT NULL AUTO_INCREMENT, AUTO_INCREMENT=180;

--
-- AUTO_INCREMENT for table `courses`
--
ALTER TABLE `courses`
  MODIFY `course_id` bigint(20) NOT NULL AUTO_INCREMENT, AUTO_INCREMENT=6;

--
-- AUTO_INCREMENT for table `dental_certificates`
--
ALTER TABLE `dental_certificates`
  MODIFY `dental_certificate_id` bigint(20) NOT NULL AUTO_INCREMENT, AUTO_INCREMENT=2;

--
-- AUTO_INCREMENT for table `first_aid_kits`
--
ALTER TABLE `first_aid_kits`
  MODIFY `first_aid_kit_id` bigint(20) NOT NULL AUTO_INCREMENT, AUTO_INCREMENT=3;

--
-- AUTO_INCREMENT for table `hospitalization_history`
--
ALTER TABLE `hospitalization_history`
  MODIFY `hospitalization_history_id` bigint(20) NOT NULL AUTO_INCREMENT, AUTO_INCREMENT=23;

--
-- AUTO_INCREMENT for table `measurements`
--
ALTER TABLE `measurements`
  MODIFY `measurement_id` bigint(20) NOT NULL AUTO_INCREMENT, AUTO_INCREMENT=6;

--
-- AUTO_INCREMENT for table `medical_history`
--
ALTER TABLE `medical_history`
  MODIFY `medical_history_id` bigint(20) NOT NULL AUTO_INCREMENT, AUTO_INCREMENT=33;

--
-- AUTO_INCREMENT for table `medicines`
--
ALTER TABLE `medicines`
  MODIFY `medicine_id` bigint(20) NOT NULL AUTO_INCREMENT, AUTO_INCREMENT=15;

--
-- AUTO_INCREMENT for table `medicine_transactions`
--
ALTER TABLE `medicine_transactions`
  MODIFY `medicine_transaction_id` bigint(20) NOT NULL AUTO_INCREMENT, AUTO_INCREMENT=3;

--
-- AUTO_INCREMENT for table `messages`
--
ALTER TABLE `messages`
  MODIFY `message_id` bigint(20) NOT NULL AUTO_INCREMENT, AUTO_INCREMENT=21;

--
-- AUTO_INCREMENT for table `monitoring_forms`
--
ALTER TABLE `monitoring_forms`
  MODIFY `monitoring_form_id` bigint(20) NOT NULL AUTO_INCREMENT, AUTO_INCREMENT=11;

--
-- AUTO_INCREMENT for table `monitoring_form_items`
--
ALTER TABLE `monitoring_form_items`
  MODIFY `monitoring_form_item_id` bigint(20) NOT NULL AUTO_INCREMENT, AUTO_INCREMENT=53;

--
-- AUTO_INCREMENT for table `office_supply`
--
ALTER TABLE `office_supply`
  MODIFY `office_supply_id` bigint(20) NOT NULL AUTO_INCREMENT, AUTO_INCREMENT=5;

--
-- AUTO_INCREMENT for table `patients`
--
ALTER TABLE `patients`
  MODIFY `patient_id` bigint(20) NOT NULL AUTO_INCREMENT, AUTO_INCREMENT=482;

--
-- AUTO_INCREMENT for table `patient_type`
--
ALTER TABLE `patient_type`
  MODIFY `patient_type_id` bigint(20) NOT NULL AUTO_INCREMENT, AUTO_INCREMENT=6;

--
-- AUTO_INCREMENT for table `personal_health_history`
--
ALTER TABLE `personal_health_history`
  MODIFY `personal_health_history_id` bigint(20) NOT NULL AUTO_INCREMENT, AUTO_INCREMENT=33;

--
-- AUTO_INCREMENT for table `prescribed_drug_history`
--
ALTER TABLE `prescribed_drug_history`
  MODIFY `prescribed_drug_history_id` bigint(20) NOT NULL AUTO_INCREMENT, AUTO_INCREMENT=26;

--
-- AUTO_INCREMENT for table `purchase_request`
--
ALTER TABLE `purchase_request`
  MODIFY `purchase_request_id` bigint(20) NOT NULL AUTO_INCREMENT, AUTO_INCREMENT=3;

--
-- AUTO_INCREMENT for table `purchase_request_care_equipment`
--
ALTER TABLE `purchase_request_care_equipment`
  MODIFY `purchase_request_care_equipment_id` bigint(20) NOT NULL AUTO_INCREMENT, AUTO_INCREMENT=4;

--
-- AUTO_INCREMENT for table `purchase_request_medicine`
--
ALTER TABLE `purchase_request_medicine`
  MODIFY `purchase_request_medicine_id` bigint(20) NOT NULL AUTO_INCREMENT, AUTO_INCREMENT=4;

--
-- AUTO_INCREMENT for table `purchase_request_office_supply`
--
ALTER TABLE `purchase_request_office_supply`
  MODIFY `purchase_request_office_supply_id` bigint(20) NOT NULL AUTO_INCREMENT, AUTO_INCREMENT=2;

--
-- AUTO_INCREMENT for table `referral_forms`
--
ALTER TABLE `referral_forms`
  MODIFY `referral_form_id` bigint(20) NOT NULL AUTO_INCREMENT, AUTO_INCREMENT=3;

--
-- AUTO_INCREMENT for table `roles`
--
ALTER TABLE `roles`
  MODIFY `role_id` bigint(20) NOT NULL AUTO_INCREMENT, AUTO_INCREMENT=5;

--
-- AUTO_INCREMENT for table `sections`
--
ALTER TABLE `sections`
  MODIFY `section_id` bigint(20) NOT NULL AUTO_INCREMENT, AUTO_INCREMENT=3;

--
-- AUTO_INCREMENT for table `services`
--
ALTER TABLE `services`
  MODIFY `service_id` bigint(20) NOT NULL AUTO_INCREMENT, AUTO_INCREMENT=4;

--
-- AUTO_INCREMENT for table `stock_in`
--
ALTER TABLE `stock_in`
  MODIFY `stock_in_id` bigint(20) NOT NULL AUTO_INCREMENT, AUTO_INCREMENT=10;

--
-- AUTO_INCREMENT for table `stock_in_care_equipment`
--
ALTER TABLE `stock_in_care_equipment`
  MODIFY `stock_in_care_equipment_id` bigint(20) NOT NULL AUTO_INCREMENT, AUTO_INCREMENT=11;

--
-- AUTO_INCREMENT for table `stock_in_medicine`
--
ALTER TABLE `stock_in_medicine`
  MODIFY `stock_in_medicine_id` bigint(20) NOT NULL AUTO_INCREMENT, AUTO_INCREMENT=24;

--
-- AUTO_INCREMENT for table `stock_in_office_supply`
--
ALTER TABLE `stock_in_office_supply`
  MODIFY `stock_in_office_supply_id` bigint(20) NOT NULL AUTO_INCREMENT, AUTO_INCREMENT=6;

--
-- AUTO_INCREMENT for table `stock_out`
--
ALTER TABLE `stock_out`
  MODIFY `stock_out_id` bigint(20) NOT NULL AUTO_INCREMENT, AUTO_INCREMENT=8;

--
-- AUTO_INCREMENT for table `stock_out_care_equipment`
--
ALTER TABLE `stock_out_care_equipment`
  MODIFY `stock_out_care_equipment_id` bigint(20) NOT NULL AUTO_INCREMENT, AUTO_INCREMENT=10;

--
-- AUTO_INCREMENT for table `stock_out_medicine`
--
ALTER TABLE `stock_out_medicine`
  MODIFY `stock_out_medicine_id` bigint(20) NOT NULL AUTO_INCREMENT, AUTO_INCREMENT=104;

--
-- AUTO_INCREMENT for table `stock_out_office_supply`
--
ALTER TABLE `stock_out_office_supply`
  MODIFY `stock_out_office_supply_id` bigint(20) NOT NULL AUTO_INCREMENT;

--
-- AUTO_INCREMENT for table `surgery_history`
--
ALTER TABLE `surgery_history`
  MODIFY `surgery_history_id` bigint(20) NOT NULL AUTO_INCREMENT, AUTO_INCREMENT=24;

--
-- AUTO_INCREMENT for table `surveys`
--
ALTER TABLE `surveys`
  MODIFY `survey_id` bigint(20) NOT NULL AUTO_INCREMENT, AUTO_INCREMENT=114;

--
-- AUTO_INCREMENT for table `system_setup`
--
ALTER TABLE `system_setup`
  MODIFY `system_setup_id` bigint(20) NOT NULL AUTO_INCREMENT, AUTO_INCREMENT=2;

--
-- AUTO_INCREMENT for table `units`
--
ALTER TABLE `units`
  MODIFY `unit_id` bigint(20) NOT NULL AUTO_INCREMENT, AUTO_INCREMENT=6;

--
-- AUTO_INCREMENT for table `users`
--
ALTER TABLE `users`
  MODIFY `user_id` bigint(20) NOT NULL AUTO_INCREMENT, AUTO_INCREMENT=3;

--
-- AUTO_INCREMENT for table `years`
--
ALTER TABLE `years`
  MODIFY `year_id` bigint(20) NOT NULL AUTO_INCREMENT, AUTO_INCREMENT=18;
COMMIT;

/*!40101 SET CHARACTER_SET_CLIENT=@OLD_CHARACTER_SET_CLIENT */;
/*!40101 SET CHARACTER_SET_RESULTS=@OLD_CHARACTER_SET_RESULTS */;
/*!40101 SET COLLATION_CONNECTION=@OLD_COLLATION_CONNECTION */;
